Time,Voltage,Current,Vibration,Temperature,Health Score,Health Status
13:10:41,293.93,3.02,1.09,46.19,,
13:10:43,293.43,2.85,0.88,46.25,,
13:10:46,294.17,3.57,0.92,46.25,,
13:10:49,295.21,2.86,1.2,46.25,,
13:10:52,295.74,2.89,1.18,46.25,,
13:10:54,294.56,3.58,0.86,46.25,,
13:10:57,292.12,2.9,0.96,46.25,,
13:11:00,293.25,2.89,1.22,46.25,,
13:11:03,293.79,3.53,0.97,46.38,,
13:11:06,294.37,3.57,1.0,46.38,,
13:11:08,295.44,3.58,1.2,46.44,,
13:11:11,294.77,2.86,1.09,46.44,,
13:11:14,293.97,2.83,0.95,46.5,,
13:11:17,291.97,3.55,0.88,46.56,,
13:11:19,292.23,3.55,1.15,46.56,,
13:11:22,292.52,3.58,1.01,46.63,,
13:11:25,292.28,3.53,0.81,46.69,,
13:11:28,292.81,3.54,0.98,46.69,,
13:11:30,295.2,2.84,1.24,46.69,,
13:11:33,290.19,3.51,1.09,46.75,,
13:11:36,291.05,3.51,0.89,46.81,,
13:11:39,291.08,3.52,1.12,46.81,,
13:11:41,293.97,3.57,1.12,46.88,,
13:11:44,293.7,3.56,0.85,46.88,,
13:11:47,294.93,3.52,0.93,46.88,,
13:11:50,295.25,3.46,1.11,46.94,,
13:11:52,295.62,3.57,1.21,47.0,,
13:11:55,294.21,3.56,0.97,47.0,,
13:11:58,293.68,2.84,0.96,47.0,,
13:12:01,293.64,2.83,1.06,47.06,,
13:12:03,292.56,3.51,1.14,47.13,,
13:12:06,291.23,3.49,0.95,47.19,,
13:12:09,293.11,3.49,0.77,47.19,,
13:12:12,295.46,3.56,1.13,47.25,,
13:12:14,292.73,3.55,1.11,47.25,,
13:12:17,293.26,3.53,0.8,47.25,,
13:12:20,292.79,3.58,1.11,47.25,,
13:12:23,294.92,3.52,1.19,47.31,,
13:12:25,295.02,3.53,0.98,47.38,,
13:12:28,293.03,3.55,0.88,47.38,,
13:12:31,290.03,3.49,1.08,47.38,,
13:12:34,292.13,3.5,1.15,47.44,,
13:12:36,292.35,3.5,0.83,47.5,,
13:12:39,296.91,2.89,1.01,47.5,,
13:12:42,291.93,2.77,1.13,47.56,,
13:12:45,295.19,3.52,0.88,47.63,,
13:12:47,295.25,3.55,0.87,47.69,,
13:12:50,294.79,3.51,1.06,47.75,,
13:12:53,294.5,3.48,1.19,47.75,,
13:12:56,293.94,3.5,1.0,47.75,,
13:12:58,292.09,3.5,0.85,47.75,,
13:13:01,292.39,3.47,1.05,47.75,,
13:13:04,292.23,3.54,1.1,47.69,,
13:13:07,291.81,3.51,0.9,47.69,,
13:13:09,291.85,3.46,0.8,47.69,,
13:13:12,292.13,3.52,1.16,47.69,,
13:13:15,292.65,3.41,1.15,47.75,,
13:13:18,293.47,3.47,0.93,47.75,,
13:13:21,292.95,3.46,0.93,47.75,,
13:13:23,292.46,3.53,1.17,47.81,,
13:13:26,289.31,3.49,1.18,47.81,,
13:13:29,291.0,3.57,0.86,47.81,,
13:13:32,291.08,3.54,0.87,47.88,,
13:13:34,291.93,3.47,1.21,47.88,,
13:13:37,292.3,3.52,1.05,47.88,,
13:13:40,292.52,3.57,0.92,47.94,,
13:13:43,289.26,2.96,0.84,47.88,,
13:13:45,293.05,2.83,1.01,47.94,,
13:13:48,292.86,3.52,1.19,48.0,,
13:13:51,293.44,3.52,1.07,48.0,,
13:13:54,295.42,3.5,0.89,48.06,,
13:13:56,295.09,3.5,0.97,48.06,,
13:13:59,294.67,3.51,1.15,48.06,,
13:14:02,295.08,3.55,1.2,48.19,,
13:14:05,293.33,3.53,0.99,48.19,,
13:14:07,293.47,3.53,0.9,48.25,,
13:14:10,293.75,3.51,1.05,48.25,,
13:14:13,293.6,3.52,1.18,48.31,,
13:14:16,293.34,3.52,1.02,48.31,,
13:14:18,294.01,3.53,0.79,48.31,,
13:14:21,293.6,3.51,0.93,48.31,,
13:14:24,292.67,3.56,1.14,48.38,,
13:14:27,292.65,3.46,1.16,48.38,,
13:14:29,292.95,3.59,0.89,48.38,,
13:14:32,292.77,3.47,0.88,48.38,,
13:14:35,293.36,3.56,1.14,48.38,,
13:14:38,294.81,3.52,1.23,48.44,,
13:14:40,294.52,3.57,0.93,48.38,,
13:14:43,295.35,3.47,0.91,48.38,,
13:14:46,294.44,3.5,1.02,48.44,,
13:14:49,294.66,3.55,1.21,48.44,,
13:14:51,294.55,3.46,1.06,48.44,,
13:14:54,294.77,3.5,0.96,48.5,,
13:14:57,293.96,3.48,1.03,48.5,,
13:15:00,292.77,3.5,1.2,48.5,,
13:15:02,292.91,3.48,1.03,48.56,,
13:15:05,293.2,3.54,0.93,48.63,,
13:15:08,293.32,3.5,0.95,48.63,,
13:15:11,292.8,3.54,1.13,48.69,,
13:15:14,292.54,3.52,1.1,48.69,,
13:15:16,292.46,2.93,0.89,48.63,,
13:15:19,292.22,2.78,0.85,48.75,,
13:15:22,292.56,3.59,1.14,48.81,,
13:15:25,293.47,3.58,1.04,48.88,,
13:15:27,292.94,3.54,0.88,48.88,,
13:15:30,292.31,3.53,0.79,48.88,,
13:15:33,292.8,3.54,1.15,48.94,,
13:15:36,292.81,3.51,1.14,48.94,,
13:15:38,293.06,3.53,1.06,48.94,,
13:15:41,294.47,3.58,0.89,49.0,,
13:15:44,295.62,3.45,0.96,49.0,,
13:15:47,294.31,3.49,1.14,49.0,,
13:15:49,294.42,3.53,1.2,49.06,,
13:15:52,292.05,3.57,1.03,49.06,,
13:15:55,294.35,3.5,0.9,49.06,,
13:15:58,295.68,3.53,0.9,49.13,,
13:16:00,295.75,3.56,1.1,49.13,,
13:16:03,295.5,3.51,1.22,49.19,,
13:16:06,296.25,3.59,1.09,49.25,,
13:16:09,297.1,3.49,0.9,49.25,,
13:16:11,297.18,3.57,0.93,49.25,,
13:16:14,296.33,3.57,1.12,49.31,,
13:16:17,301.45,3.56,1.16,49.31,,
13:16:20,296.36,3.5,0.91,49.25,,
13:16:22,295.6,3.49,0.77,49.19,,
13:16:25,294.48,3.51,1.03,49.19,,
13:16:28,294.12,3.54,1.21,49.19,,
13:16:31,293.21,3.49,1.15,49.19,,
13:16:33,296.09,3.49,1.02,49.13,,
13:16:36,296.28,3.49,0.88,49.13,,
13:16:39,294.86,3.47,0.89,49.19,,
13:16:42,294.16,3.55,0.92,49.19,,
13:16:44,293.51,3.51,1.16,49.19,,
13:16:47,296.14,3.53,1.22,49.19,,
13:16:50,296.93,3.51,0.94,49.25,,
13:16:53,294.44,3.5,0.81,49.25,,
13:16:55,294.31,3.57,0.87,49.25,,
13:16:58,295.13,3.59,1.11,49.25,,
13:17:01,295.31,3.49,1.18,49.31,,
13:17:04,293.26,3.5,1.1,49.38,,
13:17:06,293.13,3.56,1.01,49.38,,
13:17:09,295.01,3.54,0.87,49.38,,
13:17:12,295.47,3.57,0.97,49.44,,
13:17:15,296.01,3.59,1.16,49.5,,
13:17:18,292.15,2.84,1.16,49.44,,
13:17:20,295.15,2.84,1.05,49.5,,
13:17:23,295.13,2.77,0.95,49.56,,
13:17:26,294.52,2.9,0.85,49.56,,
13:17:29,292.09,2.77,1.02,49.56,,
13:17:31,294.71,2.88,1.2,49.63,,
13:17:34,293.26,2.89,1.14,49.63,,
13:17:37,294.71,3.58,0.94,49.63,,
13:17:40,294.78,2.8,0.85,49.63,,
13:17:42,294.43,2.9,0.95,49.63,,
13:17:45,295.71,3.56,1.15,49.69,,
13:17:48,291.51,3.01,1.17,49.63,,
13:17:51,297.04,2.89,0.88,49.69,,
13:17:53,293.93,3.56,0.79,49.75,,
13:17:56,292.87,3.58,0.93,49.81,,
13:17:59,292.67,3.54,1.12,49.81,,
13:18:02,297.85,2.87,1.19,49.88,,
13:18:04,293.52,2.96,1.0,49.88,,
13:18:07,293.43,3.58,0.87,49.94,,
13:18:10,292.8,3.54,0.81,50.0,,
13:18:13,295.01,3.56,1.06,50.0,,
13:18:15,296.08,3.49,1.19,50.0,,
13:18:18,295.89,3.6,1.11,50.06,,
13:18:21,295.82,2.85,0.91,50.06,,
13:18:24,294.25,2.91,0.81,50.06,,
13:18:26,294.73,3.53,1.09,50.13,,
13:18:29,294.24,3.56,1.12,50.19,,
13:18:32,297.07,3.29,1.19,50.19,,
13:18:35,295.2,3.57,0.96,50.25,,
13:18:37,294.37,3.54,0.84,50.19,,
13:18:40,294.62,3.56,0.83,50.19,,
13:18:43,296.12,3.52,1.06,50.25,,
13:18:46,295.0,3.57,1.22,50.25,,
13:18:48,292.45,2.88,1.12,50.25,,
13:18:51,296.59,2.89,0.9,50.25,,
13:18:54,297.11,3.55,0.98,50.31,,
13:18:57,297.27,3.57,1.13,50.31,,
13:18:59,296.91,3.54,1.19,50.31,,
13:19:02,295.6,3.57,1.04,50.38,,
13:19:05,294.93,3.62,0.92,50.38,,
13:19:08,296.1,3.54,0.93,50.44,,
13:19:10,297.27,3.63,0.99,50.44,,
13:19:13,297.28,3.54,1.21,50.5,,
13:19:16,296.01,3.57,1.09,50.5,,
13:19:19,294.23,3.49,0.91,50.5,,
13:19:22,295.13,3.55,0.85,50.56,,
13:19:24,294.97,3.53,0.97,50.56,,
13:19:27,296.45,3.53,1.13,50.56,,
13:19:30,294.88,2.95,1.23,50.44,,
13:19:33,294.04,2.87,1.01,50.56,,
13:19:35,292.72,3.49,0.91,50.69,,
13:19:38,294.2,3.56,0.93,50.69,,
13:19:41,295.25,3.54,0.98,50.75,,
13:19:44,293.48,3.57,1.18,50.75,,
13:19:46,299.01,3.51,1.11,50.75,,
13:19:49,294.02,3.6,0.91,50.81,,
13:19:52,294.43,3.58,0.81,50.88,,
13:19:55,298.06,3.6,0.94,50.88,,
13:19:57,296.87,3.47,1.11,50.94,,
13:20:00,295.74,3.54,1.16,50.94,,
13:20:03,297.26,3.57,1.2,50.94,,
13:20:06,296.51,3.57,0.92,50.94,,
13:20:08,296.16,3.56,0.87,51.0,,
13:20:11,294.47,3.59,0.78,51.0,,
13:20:14,295.21,3.52,1.06,50.94,,
13:20:17,296.03,3.53,1.23,50.94,,
13:20:19,295.83,3.52,1.05,50.88,,
13:20:22,294.96,3.52,0.79,50.81,,
13:20:25,294.65,3.57,0.92,50.81,,
13:20:28,294.86,3.54,1.12,50.81,,
13:20:30,293.85,3.51,1.17,50.81,,
13:20:33,297.48,2.87,0.95,50.75,,
13:20:36,291.92,2.9,0.88,50.75,,
13:20:39,294.04,3.54,1.06,50.88,,
13:20:41,294.75,3.52,1.17,50.88,,
13:20:44,294.9,3.48,1.07,50.94,,
13:20:47,294.77,3.5,0.82,50.94,,
13:20:50,293.94,3.53,0.82,50.94,,
13:20:52,293.26,3.5,1.02,50.94,,
13:20:55,295.31,3.56,1.16,50.94,,
13:20:58,294.73,3.54,0.92,50.94,,
13:21:01,294.65,3.56,0.74,50.88,,
13:21:03,294.59,3.55,0.88,50.88,,
13:21:06,295.47,3.59,1.16,50.88,,
13:21:09,296.34,3.53,1.22,50.81,,
13:21:12,296.53,3.53,0.99,50.88,,
13:21:15,296.91,3.53,0.85,50.88,,
13:21:17,297.98,3.5,0.99,50.88,,
13:21:20,297.98,3.5,1.2,50.94,,
13:21:23,296.85,3.5,1.13,50.94,,
13:21:26,296.52,3.56,0.9,50.94,,
13:21:28,295.81,3.5,0.8,50.88,,
13:21:31,295.42,3.55,0.99,50.88,,
13:21:34,294.02,3.49,1.17,50.88,,
13:21:37,295.97,3.52,1.19,50.81,,
13:21:39,295.31,3.56,1.01,50.88,,
13:21:42,295.81,3.42,0.83,50.88,,
13:21:45,295.81,3.58,0.99,50.94,,
13:21:48,295.99,3.5,1.18,51.0,,
13:21:50,296.13,3.58,1.06,50.94,,
13:21:53,297.43,3.61,0.87,50.94,,
13:21:56,296.47,3.5,0.98,50.88,,
13:21:59,295.87,3.59,1.13,50.81,,
13:22:01,295.7,3.54,1.16,50.75,,
13:22:04,296.29,3.6,0.98,50.69,,
13:22:07,296.38,2.95,0.85,50.75,,
13:22:10,296.51,2.9,1.04,50.56,,
13:22:12,299.92,3.6,1.17,50.63,,
13:22:15,296.06,3.54,0.89,50.63,,
13:22:18,296.41,3.48,0.78,50.63,,
13:22:21,296.36,3.5,0.92,50.63,,
13:22:23,295.79,3.65,1.13,50.63,,
13:22:26,294.62,3.61,0.92,50.69,,
13:22:29,296.36,3.52,0.85,50.69,,
13:22:32,295.04,3.5,0.88,50.69,,
13:22:34,295.2,3.56,1.11,50.75,,
13:22:37,295.46,3.58,1.17,50.75,,
13:22:40,295.29,3.5,0.93,50.81,,
13:22:43,294.46,3.53,0.87,50.88,,
13:22:45,294.33,3.58,0.97,50.88,,
13:22:48,295.09,3.56,1.15,50.88,,
13:22:51,293.93,3.51,1.04,50.94,,
13:22:54,293.83,3.52,0.83,50.94,,
13:22:56,293.43,3.52,1.05,51.0,,
13:22:59,293.05,3.54,1.17,51.0,,
13:23:02,294.98,3.57,0.94,51.0,,
13:23:05,295.83,3.53,0.9,51.06,,
13:23:08,295.51,3.55,1.0,51.13,,
13:23:10,295.39,3.5,1.19,51.13,,
13:23:13,295.4,3.57,1.04,51.13,,
13:23:16,295.36,3.53,0.88,51.13,,
13:23:19,294.66,3.59,1.0,51.13,,
13:23:21,293.91,3.5,1.24,51.13,,
13:23:24,294.48,3.53,1.07,51.13,,
13:23:27,294.85,3.52,0.89,51.19,,
13:23:30,294.56,3.57,0.95,51.19,,
13:33:07,295.55,3.53,1.2,51.25,,
13:33:07,295.44,3.57,1.15,51.25,,
13:33:07,294.73,3.51,0.91,51.25,,
13:33:07,295.06,3.59,0.79,51.31,,
13:33:07,294.85,3.53,1.09,51.31,,
13:33:07,296.73,3.58,1.2,51.31,,
13:33:07,296.67,3.54,1.06,51.38,,
13:33:07,296.77,3.53,0.87,51.38,,
13:33:07,295.68,3.56,1.02,51.38,,
13:33:07,295.51,3.48,1.17,51.38,,
13:33:07,294.2,3.59,1.15,51.38,,
13:33:07,294.21,3.5,0.88,51.38,,
13:33:07,293.97,3.48,0.82,51.38,,
13:33:07,294.85,2.84,0.9,51.31,,
13:33:07,293.89,2.91,1.14,51.31,,
13:33:07,293.58,2.86,1.01,51.31,,
13:33:07,294.74,2.85,0.82,51.31,,
13:33:07,294.96,2.88,1.02,51.38,,
13:33:07,295.27,2.9,1.15,51.38,,
13:33:07,295.71,2.85,1.04,51.44,,
13:33:07,296.25,3.31,0.84,51.5,,
13:33:07,295.56,2.87,0.99,51.5,,
13:33:07,295.02,2.87,1.26,51.44,,
13:33:07,294.63,3.52,1.1,51.5,,
13:33:07,300.6,2.88,0.92,51.44,,
13:33:07,296.56,2.93,0.95,51.5,,
13:33:07,295.6,3.57,1.14,51.56,,
13:33:07,295.83,3.58,1.2,51.56,,
13:33:07,295.78,3.54,0.97,51.63,,
13:33:07,294.98,2.88,0.78,51.56,,
13:33:07,293.82,2.89,0.81,51.56,,
13:33:07,294.39,3.57,1.17,51.69,,
13:33:07,293.82,3.5,1.07,51.69,,
13:33:07,293.6,3.6,0.84,51.75,,
13:33:07,293.28,3.54,0.87,51.75,,
13:33:07,295.35,3.6,1.22,51.75,,
13:33:07,294.01,2.9,1.1,51.69,,
13:33:07,295.25,2.89,0.89,51.75,,
13:33:07,295.35,3.58,0.96,51.88,,
13:33:07,294.19,3.57,1.07,51.88,,
13:33:07,295.99,3.52,1.19,51.81,,
13:33:07,294.97,3.54,0.91,51.88,,
13:33:07,295.04,3.58,0.81,51.88,,
13:33:07,295.05,3.57,1.08,51.88,,
13:33:07,296.76,3.52,1.2,51.94,,
13:33:07,295.95,3.54,1.01,51.94,,
13:33:07,294.83,2.78,0.77,51.88,,
13:33:07,296.13,2.88,0.99,51.94,,
13:33:07,296.22,3.53,1.19,52.06,,
13:33:07,296.25,3.54,1.1,52.06,,
13:33:07,298.07,3.47,0.9,52.06,,
13:33:07,295.97,3.53,0.9,52.06,,
13:33:07,295.25,3.56,1.12,52.06,,
13:33:07,295.47,3.59,1.2,52.13,,
13:33:07,295.43,3.52,0.99,52.13,,
13:33:07,296.56,3.55,0.96,52.13,,
13:33:07,297.03,3.53,0.88,52.06,,
13:33:07,297.12,3.56,1.05,52.06,,
13:33:07,297.38,3.64,1.24,52.13,,
13:33:07,298.38,3.49,1.04,52.13,,
13:33:07,301.58,3.58,0.89,52.13,,
13:33:07,297.23,2.98,0.97,52.19,,
13:33:07,296.49,2.87,1.16,52.06,,
13:33:07,295.42,3.56,1.01,52.19,,
13:33:07,296.49,3.52,0.93,52.19,,
13:33:07,293.91,3.56,0.89,52.25,,
13:33:07,295.0,3.51,1.14,52.25,,
13:33:07,296.02,3.51,1.15,52.25,,
13:33:07,296.92,3.52,1.03,52.31,,
13:33:07,296.91,3.54,0.89,52.25,,
13:33:07,297.08,3.54,1.04,52.31,,
13:33:07,296.33,3.56,1.19,52.25,,
13:33:07,296.8,3.57,1.1,52.25,,
13:33:07,296.33,3.45,0.87,52.25,,
13:33:07,292.77,3.48,0.92,52.31,,
13:33:07,294.08,3.47,1.15,52.31,,
13:33:07,293.26,3.55,1.15,52.31,,
13:33:07,296.06,3.44,0.95,52.38,,
13:33:07,297.12,3.58,0.81,52.38,,
13:33:07,294.73,3.44,0.95,52.38,,
13:33:07,296.56,3.58,1.2,52.38,,
13:33:07,295.66,3.56,1.06,52.38,,
13:33:07,295.82,3.51,0.86,52.38,,
13:33:07,294.77,3.47,0.83,52.38,,
13:33:07,294.7,3.55,1.01,52.38,,
13:33:07,292.49,2.87,1.17,52.31,,
13:33:07,293.14,3.52,1.03,52.44,,
13:33:07,297.08,3.54,0.89,52.44,,
13:33:07,298.19,3.56,0.94,52.44,,
13:33:07,294.7,3.47,1.1,52.44,,
13:33:07,294.97,3.52,1.18,52.44,,
13:33:07,296.14,3.43,1.04,52.44,,
13:33:07,295.55,3.52,0.9,52.38,,
13:33:07,296.77,3.52,0.92,52.31,,
13:33:07,296.96,3.53,0.98,52.31,,
13:33:07,297.32,3.51,1.18,52.31,,
13:33:07,295.83,3.6,1.08,52.31,,
13:33:07,296.89,3.55,0.84,52.31,,
13:33:07,296.14,3.61,0.83,52.38,,
13:33:07,295.37,3.5,0.95,52.38,,
13:33:07,295.78,3.46,1.16,52.38,,
13:33:07,294.86,3.49,1.08,52.38,,
13:33:07,296.17,3.49,0.97,52.44,,
13:33:07,297.51,3.66,0.83,52.44,,
13:33:07,296.25,3.53,1.01,52.5,,
13:33:07,296.38,3.57,1.08,52.5,,
13:33:07,295.48,3.49,1.13,52.5,,
13:33:07,296.26,3.51,1.03,52.5,,
13:33:07,298.22,3.54,0.84,52.56,,
13:33:07,298.39,3.5,1.01,52.56,,
13:33:07,296.8,3.51,1.09,52.56,,
13:33:07,293.87,3.52,1.17,52.5,,
13:33:07,295.39,3.45,1.07,52.56,,
13:33:07,296.91,3.57,0.94,52.5,,
13:33:07,298.42,3.53,0.87,52.5,,
13:33:07,295.85,3.55,1.01,52.5,,
13:33:07,295.79,3.48,1.19,52.44,,
13:33:07,296.73,3.49,1.04,52.44,,
13:33:07,296.49,3.47,0.86,52.44,,
13:33:07,293.94,2.84,0.78,52.44,,
13:33:07,298.14,3.56,0.95,52.5,,
13:33:07,294.6,3.51,1.18,52.5,,
13:33:07,294.7,3.57,1.0,52.5,,
13:33:07,296.69,3.51,0.94,52.5,,
13:33:07,297.38,3.5,0.88,52.44,,
13:33:07,298.23,3.45,0.99,52.44,,
13:33:07,296.57,3.53,1.11,52.38,,
13:33:07,297.4,3.46,1.26,52.31,,
13:33:07,297.04,3.56,1.01,52.31,,
13:33:07,296.34,3.55,0.88,52.25,,
13:33:07,296.77,3.54,0.89,52.19,,
13:33:07,298.41,3.52,0.95,52.13,,
13:33:07,297.12,3.5,1.17,52.13,,
13:33:07,296.1,3.47,1.15,52.13,,
13:33:07,297.51,3.5,1.22,52.06,,
13:33:07,297.54,3.51,0.95,52.13,,
13:33:07,297.47,3.54,0.77,52.13,,
13:33:07,297.59,3.48,0.83,52.19,,
13:33:07,298.99,3.54,1.02,52.13,,
13:33:07,297.16,3.56,1.17,52.13,,
13:33:07,295.9,3.52,1.16,52.13,,
13:33:07,297.44,3.53,1.14,52.13,,
13:33:07,297.85,3.47,0.9,52.19,,
13:33:07,295.82,3.6,0.86,52.19,,
13:33:07,296.99,3.52,0.98,52.25,,
13:33:07,298.22,3.53,1.09,52.25,,
13:33:07,295.89,3.57,1.1,52.25,,
13:33:07,296.24,3.51,1.23,52.31,,
13:33:07,297.12,3.49,1.05,52.31,,
13:33:07,295.19,3.5,0.82,52.31,,
13:33:07,295.7,3.49,0.89,52.31,,
13:33:07,298.23,3.48,0.97,52.38,,
13:33:07,299.03,3.52,1.16,52.38,,
13:33:07,298.82,3.5,1.11,52.44,,
13:33:07,296.76,3.56,1.01,52.38,,
13:33:07,296.84,3.49,0.92,52.44,,
13:33:07,297.0,3.51,0.91,52.44,,
13:33:07,296.53,3.49,0.84,52.5,,
13:33:07,298.54,3.52,1.05,52.5,,
13:33:07,297.31,3.5,1.18,52.56,,
13:33:07,295.21,3.51,1.16,52.56,,
13:33:07,298.38,3.49,1.09,52.5,,
13:33:07,296.37,2.95,0.87,52.63,,
13:33:07,297.67,2.84,0.93,52.56,,
13:33:07,297.46,2.87,0.98,52.56,,
13:33:07,296.02,2.81,1.05,52.56,,
13:33:07,293.44,2.88,1.17,52.56,,
13:33:07,297.79,2.86,1.19,52.63,,
13:33:07,298.35,2.84,0.98,52.63,,
13:33:07,297.86,2.86,0.8,52.63,,
13:33:07,296.84,2.85,0.91,52.69,,
13:33:07,298.03,2.87,1.02,52.63,,
13:33:07,297.85,3.53,1.24,52.75,,
13:33:07,305.57,2.95,1.1,52.63,,
13:33:07,295.51,2.92,0.86,52.63,,
13:33:07,297.9,3.58,0.79,52.75,,
13:33:07,298.15,3.56,0.92,52.75,,
13:33:07,300.08,3.58,1.08,52.75,,
13:33:07,294.13,2.88,1.09,52.75,,
13:33:07,303.57,2.93,1.23,52.69,,
13:33:07,298.41,3.56,1.1,52.69,,
13:33:07,298.15,3.55,1.0,52.69,,
13:33:07,299.11,3.5,0.87,52.69,,
13:33:07,297.1,3.56,0.77,52.69,,
13:33:07,301.82,3.55,0.92,52.69,,
13:33:07,299.25,2.87,1.21,52.69,,
13:33:07,297.65,2.88,1.2,52.75,,
13:33:07,300.79,3.57,0.99,52.81,,
13:33:07,296.67,3.57,0.81,52.81,,
13:33:07,297.95,3.48,0.91,52.81,,
13:33:07,299.01,3.48,1.04,52.81,,
13:33:07,298.15,3.54,1.16,52.81,,
13:33:07,296.28,3.48,1.15,52.88,,
13:33:07,299.1,3.5,1.14,52.94,,
13:33:07,297.83,3.53,0.85,52.94,,
13:33:07,296.06,2.95,0.88,52.88,,
13:33:07,301.21,2.84,0.94,52.94,,
13:33:07,299.09,3.54,1.04,53.0,,
13:33:07,296.77,3.49,1.19,53.0,,
13:33:07,298.83,3.57,1.26,53.06,,
13:33:07,297.46,3.58,1.04,53.06,,
13:33:07,297.69,3.59,0.89,53.06,,
13:33:07,296.67,3.5,0.9,53.06,,
13:33:07,297.7,3.54,0.96,53.06,,
13:33:07,296.17,3.48,0.92,53.06,,
13:33:07,294.62,3.42,1.16,53.13,,
13:33:07,297.62,3.5,1.26,53.13,,
13:33:07,296.68,3.49,0.96,53.13,,
13:33:07,295.04,3.56,0.89,53.13,,
13:33:08,296.79,3.54,0.96,53.19,,
13:33:11,297.38,2.98,0.98,53.19,,
13:33:14,297.93,2.89,1.19,53.13,,
13:33:17,297.56,3.52,1.12,53.19,,
13:33:19,297.28,3.59,0.84,53.19,,
13:33:22,295.85,3.56,0.79,53.25,,
13:33:25,297.11,3.55,0.96,53.19,,
13:33:28,298.23,3.51,1.14,53.25,,
13:33:30,298.43,3.53,1.17,53.25,,
13:33:33,297.52,3.5,0.96,53.25,,
13:33:36,296.16,3.55,0.83,53.25,,
13:33:39,294.92,3.59,0.85,53.31,,
13:33:42,297.08,3.51,1.05,53.31,,
13:33:44,298.75,3.53,1.2,53.31,,
13:33:47,297.31,3.57,1.14,53.38,,
13:33:50,296.89,3.56,0.94,53.31,,
13:33:53,298.99,3.6,0.95,53.38,,
13:33:55,299.29,3.58,0.9,53.44,,
13:33:58,299.33,3.53,1.11,53.44,,
13:34:01,296.18,3.6,1.1,53.44,,
13:34:04,295.7,3.6,1.15,53.5,,
13:34:06,298.19,3.65,1.0,53.5,,
13:34:09,298.1,3.58,0.86,53.56,,
13:34:12,298.07,3.56,1.04,53.5,,
13:34:15,292.41,2.97,1.17,53.69,,
13:34:17,295.64,2.88,1.12,53.44,,
13:34:20,295.0,3.59,1.02,53.5,,
13:34:23,296.03,3.57,0.89,53.56,,
13:34:26,297.18,3.59,0.95,53.56,,
13:34:28,296.81,3.54,1.11,53.56,,
13:34:31,297.95,3.56,1.13,53.63,,
13:34:34,297.99,3.5,1.19,53.63,,
13:34:37,299.54,3.61,0.97,53.63,,
13:34:39,298.02,3.6,0.8,53.63,,
13:34:42,298.19,3.55,0.83,53.63,,
13:34:45,298.38,3.59,0.98,53.63,,
13:34:48,299.09,3.55,1.23,53.63,,
13:34:50,298.33,3.65,1.19,53.63,,
13:34:53,295.6,3.58,1.02,53.69,,
13:34:56,298.54,3.53,0.95,53.69,,
13:34:59,299.83,3.6,0.88,53.69,,
13:35:01,297.31,3.58,0.82,53.69,,
13:35:04,298.38,3.58,1.08,53.69,,
13:35:07,299.23,3.63,1.2,53.69,,
13:35:10,298.41,3.69,1.14,53.75,,
13:35:13,297.59,3.69,1.08,53.75,,
13:35:15,298.26,3.7,0.89,53.75,,
13:35:18,298.54,3.55,0.9,53.75,,
13:35:21,297.67,3.55,0.9,53.75,,
13:35:24,298.39,3.61,1.12,53.75,,
13:35:26,297.65,3.63,1.22,53.81,,
13:35:29,296.42,3.68,1.05,53.88,,
13:35:32,298.1,3.91,0.83,53.81,,
13:35:35,296.06,4.59,0.74,53.88,,
13:35:37,298.25,5.03,1.01,53.81,,
13:35:40,299.3,4.9,1.2,53.88,,
13:35:43,302.52,4.92,1.17,53.81,,
13:35:46,298.67,4.45,1.0,53.81,,
13:35:48,297.11,3.73,0.82,53.94,,
13:35:51,296.81,3.67,0.82,53.63,,
13:35:54,297.35,4.37,1.07,53.75,,
13:35:57,297.46,4.4,1.13,53.75,,
13:35:59,296.64,4.4,0.93,53.75,,
13:36:02,300.28,4.43,0.88,53.75,,
13:36:05,299.5,4.41,0.93,53.75,,
13:36:08,299.49,4.45,1.2,53.81,,
13:36:10,300.12,4.39,1.23,53.75,,
13:36:13,300.72,4.43,1.09,53.75,,
13:36:16,299.22,4.41,0.88,53.75,,
13:36:19,299.79,4.45,0.84,53.75,,
13:36:21,300.08,4.4,1.01,53.81,,
13:36:24,300.12,4.35,1.13,53.81,,
13:36:27,299.07,4.33,1.19,53.75,,
13:36:30,298.14,4.37,1.06,53.81,,
13:36:32,299.92,4.38,0.99,53.81,,
13:36:35,298.57,4.4,0.84,53.88,,
13:36:38,297.7,4.38,0.84,53.81,,
13:36:41,299.67,4.38,1.0,53.88,,
13:36:44,300.0,4.46,1.16,53.88,,
13:36:46,298.14,4.41,1.19,53.88,,
13:36:49,299.7,4.42,1.15,53.88,,
13:36:52,298.66,4.41,1.0,53.88,,
13:36:55,299.11,4.35,0.96,53.88,,
13:36:57,300.22,4.42,0.87,53.88,,
13:37:00,298.31,4.38,0.81,53.81,,
13:37:03,298.59,4.39,0.99,53.81,,
13:37:06,297.81,4.36,1.12,53.81,,
13:37:08,297.67,4.4,1.22,53.81,,
13:37:11,300.36,4.39,1.17,53.81,,
13:37:14,298.59,4.3,1.07,53.81,,
13:37:17,300.77,4.89,1.0,53.81,,
13:37:19,298.19,5.18,0.82,53.81,,
13:37:22,298.34,5.09,0.86,53.81,,
13:37:25,298.66,4.96,0.96,53.81,,
13:37:28,297.0,5.07,0.99,53.81,,
13:37:30,300.89,5.11,1.17,53.75,,
13:37:33,298.38,4.93,1.19,53.69,,
13:37:36,294.77,5.02,1.04,53.63,,
13:37:39,300.23,5.03,0.91,53.63,,
13:37:41,299.67,4.95,0.89,53.56,,
13:37:44,299.34,5.03,0.95,53.56,,
13:37:47,297.67,4.99,1.09,53.56,,
13:37:50,303.32,4.21,1.18,53.44,,
13:37:52,296.45,4.24,1.07,53.63,,
13:37:55,297.02,4.13,0.94,53.5,,
13:37:58,296.56,4.19,0.76,53.5,,
13:38:01,297.07,4.17,0.91,53.5,,
13:38:03,291.37,4.86,1.12,53.63,,
13:38:06,299.17,4.17,1.24,53.63,,
13:38:09,299.41,4.97,1.0,53.56,,
13:38:12,296.32,4.1,0.75,53.44,,
13:38:14,296.26,4.14,0.81,53.44,,
13:38:17,297.83,4.94,1.04,53.56,,
13:38:20,297.93,4.11,1.14,53.5,,
13:38:23,296.65,4.14,1.14,53.44,,
13:38:26,297.07,4.95,1.12,53.63,,
13:38:28,298.06,4.99,0.94,53.56,,
13:38:31,297.1,4.93,0.83,53.63,,
13:38:34,297.55,4.12,1.06,53.5,,
13:38:37,296.8,4.13,1.18,53.44,,
13:38:39,296.53,4.92,1.15,53.56,,
13:38:42,296.73,4.92,1.04,53.63,,
13:38:45,297.99,4.91,0.86,53.63,,
13:38:48,295.21,4.89,0.81,53.63,,
13:38:50,296.84,4.93,1.02,53.63,,
13:38:53,300.46,4.02,1.16,53.63,,
13:38:56,297.24,4.14,1.18,53.63,,
13:38:59,297.98,4.94,1.2,53.69,,
13:39:01,299.31,4.81,0.95,53.69,,
13:39:04,298.05,4.97,0.77,53.63,,
13:39:07,297.43,4.92,0.85,53.5,,
13:39:10,300.26,4.84,0.98,53.44,,
13:39:12,298.74,4.89,1.19,53.38,,
13:39:15,298.27,4.77,1.15,53.31,,
13:39:18,298.15,4.87,1.04,53.31,,
13:39:21,299.23,4.13,0.9,53.06,,
13:39:23,299.74,4.08,0.94,53.0,,
13:39:26,298.05,4.86,0.84,53.19,,
13:39:29,297.6,4.83,1.1,53.19,,
13:39:32,299.55,4.83,1.2,53.13,,
13:39:34,301.91,4.93,1.03,53.13,,
13:39:37,299.9,4.83,0.85,53.13,,
13:39:40,298.03,4.83,0.82,53.06,,
13:39:43,300.56,4.85,0.96,53.06,,
13:39:45,298.34,4.87,1.09,53.06,,
13:39:48,298.59,4.8,1.19,53.06,,
13:39:51,298.54,4.84,1.18,53.06,,
13:39:54,296.77,4.81,1.1,53.0,,
13:39:56,297.08,4.85,0.99,52.94,,
13:39:59,298.37,4.84,0.91,53.0,,
13:40:02,296.48,3.96,1.05,52.88,,
13:40:05,295.97,4.0,1.2,52.88,,
13:40:08,299.91,4.78,1.1,53.0,,
13:40:10,298.27,4.87,0.95,53.0,,
13:40:13,297.77,4.79,0.85,53.06,,
13:40:16,299.19,4.83,0.91,53.06,,
13:40:19,297.24,4.82,0.86,53.06,,
13:40:21,298.54,4.69,1.13,53.06,,
13:40:24,299.01,4.79,1.22,53.13,,
13:40:27,297.0,4.76,1.14,53.13,,
13:40:30,298.58,4.77,1.08,53.19,,
13:40:32,298.27,4.04,0.89,53.19,,
13:40:35,297.47,5.66,0.99,53.19,,
13:40:38,297.18,5.71,1.13,53.19,,
13:40:41,296.56,5.93,1.16,53.25,,
13:40:43,296.73,6.3,1.19,53.25,,
13:40:46,295.32,5.85,1.0,53.25,,
13:40:49,295.7,6.85,0.92,53.25,,
13:40:52,287.92,7.12,0.92,53.25,,
13:40:54,296.81,7.2,1.06,53.25,,
13:40:57,294.05,6.5,1.19,53.25,,
13:41:00,294.94,6.5,1.13,53.25,,
13:41:03,296.99,6.53,0.99,53.19,,
13:41:05,297.14,5.74,0.91,53.13,,
13:41:08,297.31,5.71,0.93,53.0,,
13:41:11,297.67,6.57,1.16,53.19,,
13:41:14,296.32,6.72,1.17,53.13,,
13:41:16,295.87,7.08,0.89,53.13,,
13:41:19,296.77,7.06,0.92,53.13,,
13:41:22,310.89,6.76,1.06,53.06,,
13:41:25,296.22,6.64,1.18,53.06,,
13:41:27,295.5,6.77,1.02,53.0,,
13:41:30,294.25,6.68,0.8,52.94,,
13:41:33,294.62,6.62,0.82,52.88,,
13:41:36,293.09,6.67,1.08,52.88,,
13:41:39,293.83,6.56,1.19,52.81,,
13:41:41,295.56,6.09,1.08,52.69,,
13:41:44,295.46,5.9,0.92,52.69,,
13:41:47,295.81,5.94,0.98,52.56,,
13:41:50,297.14,5.76,1.17,52.5,,
13:41:52,298.37,5.65,1.2,52.44,,
13:41:55,297.14,5.64,0.86,52.44,,
13:41:58,296.98,5.72,0.84,52.44,,
13:42:01,296.67,5.73,1.02,52.44,,
13:42:03,295.73,5.65,1.13,52.38,,
13:42:06,295.05,5.71,1.11,52.38,,
13:42:09,296.72,5.7,1.01,52.44,,
13:42:12,297.97,5.71,0.9,52.44,,
13:42:14,296.13,5.55,0.97,52.44,,
13:42:17,295.75,5.64,1.18,52.44,,
13:42:20,295.62,5.58,1.14,52.44,,
13:42:23,295.67,6.7,0.98,52.44,,
13:42:25,296.53,5.01,0.84,52.44,,
13:42:28,297.77,9.01,0.96,52.5,,
13:42:31,296.45,8.35,1.11,52.5,,
13:42:34,297.32,7.9,1.09,52.5,,
13:42:36,298.27,7.84,0.99,52.56,,
13:42:39,298.94,10.16,0.89,52.38,,
13:42:42,299.67,7.32,1.0,52.56,,
13:42:45,298.09,6.49,1.19,52.56,,
13:42:47,299.55,5.83,1.13,52.56,,
13:42:50,298.25,6.04,1.07,52.63,,
13:42:53,298.51,6.17,0.86,52.63,,
13:42:56,300.75,6.32,0.95,52.63,,
13:42:58,299.47,5.75,1.0,52.56,,
13:43:01,298.75,5.73,1.09,52.63,,
13:43:04,297.97,5.66,1.1,52.56,,
13:43:07,298.49,11.29,1.02,52.63,,
13:43:09,299.75,10.68,0.86,52.69,,
13:43:12,298.37,10.66,0.9,52.63,,
13:43:15,297.36,10.67,0.96,52.69,,
13:43:18,297.0,10.55,1.22,52.75,,
13:43:21,297.3,10.48,1.24,52.75,,
13:43:23,296.98,10.41,0.99,52.81,,
13:43:26,299.17,10.51,0.91,52.81,,
13:43:29,299.57,10.56,1.03,52.88,,
13:43:32,298.41,10.49,1.18,52.88,,
13:43:34,297.56,10.55,1.14,52.94,,
13:43:37,297.87,10.54,0.98,52.94,,
13:43:40,299.19,10.56,0.92,53.0,,
13:43:43,300.85,10.6,0.94,53.0,,
13:43:45,300.31,7.56,1.14,53.0,,
13:43:48,299.59,7.49,1.21,53.0,,
13:43:51,300.1,8.03,1.1,53.0,,
13:43:54,299.17,7.54,1.01,52.94,,
13:43:56,299.22,7.68,0.82,52.88,,
13:43:59,297.52,7.61,0.84,52.88,,
13:44:02,297.32,7.69,0.95,52.88,,
13:44:05,297.78,7.22,1.17,52.88,,
13:44:07,298.05,7.2,1.07,52.88,,
13:44:10,298.81,7.17,0.98,52.81,,
13:44:13,299.7,7.15,0.9,52.81,,
13:44:16,300.15,7.12,1.03,52.81,,
13:44:18,300.97,7.0,1.2,52.88,,
13:44:21,299.91,7.11,1.08,52.81,,
13:44:24,298.81,6.98,0.92,52.81,,
13:44:27,298.03,7.11,0.77,52.75,,
13:44:29,298.69,7.05,0.98,52.81,,
13:44:32,300.8,7.21,1.11,52.69,,
13:44:35,300.84,5.5,1.22,52.69,,
13:44:38,299.85,5.45,1.05,52.63,,
13:44:40,305.24,5.23,0.86,52.44,,
13:44:43,297.36,6.77,0.98,52.5,,
13:44:46,298.93,6.15,1.16,52.38,,
13:44:49,301.87,5.66,1.17,52.56,,
13:44:51,297.46,6.39,0.99,52.44,,
13:44:54,298.25,5.14,0.76,52.56,,
13:44:57,297.06,5.0,0.81,52.31,,
13:45:00,300.3,6.16,1.09,52.5,,
13:45:03,298.98,5.65,1.15,52.38,,
13:45:05,297.65,6.02,0.87,52.5,,
13:45:08,298.17,5.3,0.81,52.56,,
13:45:11,297.65,4.47,0.95,52.44,,
13:45:14,298.65,4.52,1.22,52.5,,
13:45:16,296.87,6.13,1.21,52.63,,
13:45:19,298.14,6.37,0.96,52.63,,
13:45:22,299.79,6.02,0.91,52.69,,
13:45:25,298.9,5.22,1.08,52.56,,
13:45:27,299.13,5.79,1.27,52.75,,
13:45:30,301.65,5.73,1.11,52.81,,
13:45:33,299.07,5.78,0.83,52.75,,
13:45:36,297.63,5.75,0.76,52.69,,
13:45:38,297.48,6.32,0.89,52.69,,
13:45:41,297.71,6.31,1.19,52.69,,
13:45:44,298.83,5.56,1.23,52.5,,
13:45:47,298.55,5.46,0.97,52.5,,
13:45:49,299.15,4.36,0.84,52.56,,
13:45:52,299.92,2.17,0.98,52.44,,
13:45:55,298.97,2.63,1.17,52.44,,
13:45:58,298.73,6.75,1.17,52.38,,
13:46:00,299.37,5.83,0.87,52.31,,
13:46:03,298.71,2.26,0.86,52.25,,
13:46:06,297.56,2.31,0.9,52.25,,
13:46:09,298.42,2.24,1.13,52.25,,
13:46:11,301.53,3.4,1.08,52.13,,
13:46:14,295.54,2.2,0.85,52.19,,
13:46:17,298.31,2.24,0.79,52.19,,
13:46:20,300.83,2.22,0.94,52.19,,
13:46:22,298.86,2.23,1.25,52.25,,
13:46:25,299.09,2.27,1.14,52.25,,
13:46:28,299.53,2.19,0.93,52.25,,
13:46:31,300.46,2.24,0.91,52.25,,
13:46:33,300.47,2.19,1.04,52.19,,
13:46:36,299.1,2.2,1.19,52.13,,
13:46:39,295.05,2.2,1.01,52.06,,
13:46:42,298.53,2.2,0.9,52.0,,
13:46:45,299.9,2.27,0.96,52.0,,
13:46:47,295.87,2.22,1.18,51.94,,
13:46:50,297.63,2.22,1.18,51.88,,
13:46:53,297.47,2.52,0.94,52.06,,
13:46:56,297.0,2.53,0.95,51.88,,
13:46:58,296.44,2.16,1.11,51.94,,
13:47:01,296.6,2.2,1.25,51.94,,
13:47:04,296.63,2.23,1.03,52.0,,
13:47:07,297.3,2.25,0.88,52.0,,
13:47:09,295.94,2.19,1.13,52.0,,
13:47:12,295.23,2.25,1.21,52.0,,
13:47:15,295.81,2.28,0.94,52.0,,
13:47:18,296.53,2.26,0.92,52.0,,
13:47:20,297.38,2.22,0.99,52.0,,
13:47:23,295.17,2.25,1.2,51.94,,
13:47:26,295.83,2.26,1.07,51.94,,
13:47:29,294.5,2.22,0.84,51.94,,
13:47:31,294.6,2.22,0.94,51.94,,
13:47:34,291.71,2.26,1.16,51.94,,
13:47:37,294.0,2.18,1.06,52.0,,
13:47:40,292.35,2.25,0.88,52.0,,
13:47:42,291.98,2.23,0.88,52.06,,
13:47:45,293.94,2.24,1.11,52.06,,
13:47:48,294.32,2.24,1.05,52.06,,
13:47:51,293.82,2.23,0.79,52.13,,
13:47:53,294.46,2.21,0.96,52.19,,
13:47:56,291.16,2.59,1.23,52.19,,
13:47:59,302.65,2.6,1.11,52.25,,
13:48:02,296.99,2.26,0.85,52.31,,
13:48:04,294.88,2.21,0.98,52.38,,
13:48:07,296.28,2.24,1.15,52.38,,
13:48:10,296.98,2.23,0.9,52.44,,
13:48:13,297.71,2.25,0.9,52.44,,
13:48:15,295.9,2.23,1.22,52.5,,
13:48:18,295.64,2.24,0.76,52.56,,
13:48:21,296.08,2.26,0.89,52.56,,
13:48:24,295.87,2.23,1.21,52.63,,
13:48:26,297.12,2.26,1.03,52.63,,
13:48:29,296.14,2.21,0.94,52.63,,
13:48:32,296.09,2.23,1.06,52.69,,
13:48:35,295.2,2.22,1.16,52.69,,
13:48:38,295.13,2.25,0.9,52.75,,
13:48:40,293.85,2.27,0.76,52.75,,
13:48:43,296.45,2.23,1.01,52.81,,
13:48:46,296.32,2.28,1.19,52.81,,
13:48:49,296.96,2.22,0.92,52.88,,
13:48:51,297.16,2.25,0.93,52.94,,
13:48:54,295.79,2.25,1.11,52.88,,
13:48:57,296.52,2.24,1.19,52.94,,
13:49:00,292.32,2.2,1.0,52.94,,
13:49:02,294.09,2.22,0.89,52.94,,
13:49:05,293.32,2.26,1.02,52.94,,
13:49:08,293.56,2.24,1.09,52.88,,
13:49:11,294.44,2.23,0.8,52.88,,
13:49:13,294.55,2.24,1.0,52.88,,
13:49:16,295.81,2.21,1.27,52.88,,
13:49:19,291.82,2.21,0.98,52.88,,
13:49:22,291.34,2.22,0.83,52.88,,
13:49:24,293.2,2.21,1.18,52.88,,
13:49:27,293.56,2.18,1.12,52.88,,
13:49:30,293.6,2.22,0.73,52.88,,
13:49:33,295.05,2.58,1.17,52.81,,
13:49:35,293.68,2.2,1.17,52.88,,
13:49:38,293.03,2.24,0.87,52.81,,
13:49:41,292.2,2.26,1.09,52.81,,
13:49:44,294.04,2.2,1.17,52.69,,
13:49:46,294.33,2.22,0.93,52.69,,
13:49:49,293.33,2.22,0.83,52.69,,
13:49:52,293.36,2.23,1.19,52.75,,
13:49:55,294.56,2.28,0.93,52.69,,
13:49:57,296.42,2.17,0.9,52.75,,
13:50:00,294.25,2.24,1.08,52.75,,
13:50:03,294.42,2.22,1.06,52.81,,
13:50:06,295.25,2.2,0.89,52.88,,
13:50:09,296.72,2.22,1.01,52.88,,
13:50:11,294.5,2.23,1.15,52.88,,
13:50:14,294.79,2.23,0.91,52.81,,
13:50:17,294.65,2.24,0.85,52.81,,
13:50:20,296.73,2.21,1.14,52.81,,
13:50:22,296.79,2.23,1.14,52.88,,
13:50:25,296.92,2.23,0.94,52.88,,
13:50:28,294.59,2.24,0.96,52.88,,
13:50:31,293.59,2.23,1.15,52.88,,
13:50:33,293.83,2.24,1.08,52.81,,
13:50:36,291.79,2.22,0.8,52.81,,
13:50:39,293.24,2.22,1.02,52.81,,
13:50:42,295.7,2.21,1.22,52.81,,
13:50:44,294.67,2.22,1.03,52.81,,
13:50:47,293.7,2.22,0.82,52.75,,
13:50:50,294.75,2.25,1.17,52.81,,
13:50:53,295.64,2.23,1.06,52.81,,
13:50:55,295.63,2.24,0.88,52.81,,
13:50:58,295.2,2.24,1.04,52.88,,
13:51:01,293.86,2.22,1.13,52.88,,
13:51:04,295.09,2.23,0.89,52.88,,
13:51:06,295.55,2.18,0.96,52.94,,
13:51:09,294.66,2.2,1.18,52.94,,
13:51:12,295.51,2.27,0.93,52.94,,
13:51:15,296.6,2.25,0.91,52.94,,
13:51:17,294.51,2.21,1.14,53.0,,
13:51:20,294.43,2.24,1.12,53.0,,
13:51:23,294.43,2.27,0.8,53.06,,
13:51:26,295.73,2.24,0.99,53.0,,
13:51:28,296.72,2.19,1.24,53.0,,
13:51:31,294.6,2.64,0.92,52.94,,
13:51:34,294.9,2.6,0.91,52.94,,
13:51:37,294.58,2.54,1.2,53.0,,
13:51:39,295.74,2.55,0.98,53.0,,
13:51:42,295.16,2.59,0.91,53.06,,
13:51:45,295.63,2.59,1.13,53.06,,
13:51:48,294.73,2.53,1.14,53.19,,
13:51:51,298.03,2.23,0.77,53.19,,
13:51:53,295.79,2.56,1.14,53.13,,
13:51:56,296.09,2.56,1.19,53.19,,
13:51:59,297.65,2.21,0.98,53.25,,
13:52:02,295.77,2.54,0.94,53.25,,
13:52:04,294.04,2.56,1.06,53.25,,
13:52:07,295.66,2.25,1.1,53.31,,
13:52:10,294.58,2.23,0.86,53.38,,
13:52:13,295.52,2.24,0.99,53.31,,
13:52:15,296.81,2.57,1.16,53.31,,
13:52:18,295.9,2.5,1.11,53.31,,
13:52:21,294.94,2.23,0.82,53.44,,
13:52:24,294.05,2.22,0.92,53.44,,
13:52:26,294.05,2.21,1.16,53.5,,
13:52:29,292.02,2.21,1.05,53.5,,
13:52:32,293.47,2.18,0.86,53.56,,
13:52:35,292.72,2.55,0.86,53.5,,
13:52:37,293.05,2.57,1.19,53.5,,
13:52:40,294.17,2.22,1.02,53.5,,
13:52:43,294.46,2.17,0.86,53.5,,
13:52:46,294.05,2.2,1.06,53.44,,
13:52:48,292.77,2.21,1.27,53.44,,
13:52:51,292.88,2.24,0.89,53.44,,
13:52:54,291.86,2.22,0.79,53.44,,
13:52:57,293.26,2.23,1.19,53.44,,
13:52:59,294.02,2.18,1.1,53.44,,
13:53:02,293.52,2.53,0.84,53.44,,
13:53:05,291.6,2.52,1.02,53.44,,
13:53:08,292.45,2.15,1.1,53.5,,
13:53:10,290.9,2.17,0.75,53.5,,
13:53:13,292.34,2.17,1.17,53.5,,
13:53:16,292.01,2.17,1.1,53.56,,
13:53:19,293.56,2.18,0.9,53.56,,
13:53:21,293.11,2.23,1.03,53.63,,
13:53:24,292.57,2.17,1.23,53.56,,
13:53:27,292.19,2.21,1.05,53.63,,
13:53:30,292.9,2.22,0.81,53.63,,
13:53:33,292.56,2.23,0.94,53.69,,
13:53:35,292.16,2.17,1.21,53.69,,
13:53:38,295.62,2.2,0.94,53.69,,
13:53:41,294.63,2.19,0.92,53.63,,
13:53:44,290.34,2.57,1.16,53.69,,
13:53:46,295.83,2.56,1.09,53.56,,
13:53:49,293.63,2.24,0.8,53.63,,
13:53:52,294.52,2.22,1.04,53.63,,
13:53:55,296.37,2.2,1.22,53.63,,
13:53:57,295.62,2.21,1.04,53.63,,
13:54:00,295.4,2.21,0.86,53.63,,
13:54:03,294.29,2.28,1.19,53.69,,
13:54:06,296.03,2.22,1.05,53.69,,
13:54:08,294.29,2.15,0.9,53.69,,
13:54:11,293.68,2.19,0.94,53.75,,
13:54:14,295.1,2.21,1.18,53.75,,
13:54:17,295.62,2.22,0.85,53.75,,
13:54:19,296.76,2.25,0.96,53.75,,
13:54:22,293.7,2.22,1.16,53.75,,
13:54:25,294.1,2.23,1.07,53.75,,
13:54:28,294.2,2.18,0.78,53.81,,
13:54:30,296.56,2.26,1.1,53.81,,
13:54:33,298.06,2.24,1.23,53.75,,
13:54:36,292.62,2.24,0.92,53.81,,
13:54:39,295.1,2.23,0.79,53.81,,
13:54:41,294.92,2.23,1.06,53.75,,
13:54:44,294.6,2.23,1.17,53.81,,
13:54:47,296.91,2.27,0.81,53.88,,
13:54:50,296.45,2.58,1.02,53.75,,
13:54:52,295.09,2.23,1.16,53.81,,
13:54:55,295.28,2.23,1.05,53.81,,
13:54:58,294.51,2.21,0.82,53.88,,
13:55:01,294.97,2.19,1.07,53.81,,
13:55:03,295.91,2.23,1.22,53.81,,
13:55:06,296.08,2.24,1.04,53.81,,
13:55:09,296.26,2.24,0.78,53.88,,
13:55:12,296.47,2.22,1.01,53.81,,
13:55:15,295.09,2.22,1.2,53.81,,
13:55:17,294.83,2.16,0.94,53.81,,
13:55:20,294.81,2.22,0.89,53.75,,
13:55:23,295.42,2.23,1.17,53.75,,
13:55:26,295.42,2.25,1.16,53.75,,
13:55:28,292.35,2.25,0.81,53.75,,
13:55:31,295.7,2.24,1.19,53.69,,
13:55:34,294.83,2.22,1.07,53.63,,
13:55:37,294.73,2.18,0.78,53.5,,
13:55:39,295.81,2.2,1.08,53.44,,
13:55:42,294.19,2.22,1.24,53.31,,
13:55:45,294.51,2.21,0.93,53.19,,
13:55:48,293.66,2.19,0.85,53.06,,
13:55:50,295.6,2.22,1.18,53.0,,
13:55:53,294.13,2.18,0.96,52.88,,
13:55:56,294.67,2.26,0.87,52.81,,
13:55:59,296.17,2.23,1.17,52.75,,
13:56:01,297.0,2.18,1.16,52.69,,
13:56:04,294.55,2.24,0.75,52.63,,
13:56:07,295.55,2.22,1.08,52.5,,
13:56:10,294.82,2.24,1.17,52.44,,
13:56:12,294.36,2.24,0.9,52.38,,
13:56:15,293.29,2.23,0.94,52.38,,
13:56:18,295.6,2.17,1.25,52.38,,
13:56:21,292.72,2.26,0.88,52.38,,
13:56:23,297.54,2.53,1.06,52.31,,
13:56:26,293.39,2.2,1.27,52.44,,
13:56:29,292.58,2.21,0.79,52.38,,
13:56:32,295.27,2.21,1.02,52.44,,
13:56:34,294.67,2.21,1.2,52.44,,
13:56:37,293.98,2.21,0.92,52.44,,
13:56:40,293.44,2.23,0.75,52.38,,
13:56:43,295.97,2.25,1.15,52.31,,
13:56:45,294.35,2.17,1.1,52.31,,
13:56:48,294.73,2.22,0.83,52.25,,
13:56:51,295.91,2.22,1.15,52.25,,
13:56:54,293.24,2.22,1.2,52.31,,
13:56:57,290.0,2.24,0.84,52.25,,
13:56:59,294.0,2.23,1.14,52.25,,
13:57:02,294.85,2.18,1.18,52.31,,
13:57:05,294.06,2.14,0.89,52.25,,
13:57:08,294.25,2.21,1.05,52.31,,
13:57:10,294.71,2.26,1.18,52.25,,
13:57:13,293.93,2.2,0.89,52.25,,
13:57:16,295.06,2.23,1.01,52.31,,
13:57:19,292.91,2.21,1.16,52.31,,
13:57:21,294.39,2.22,0.79,52.38,,
13:57:24,293.49,2.21,0.98,52.44,,
13:57:27,293.78,2.23,1.12,52.5,,
13:57:30,293.26,2.21,0.78,52.5,,
13:57:32,295.13,2.2,1.15,52.5,,
13:57:35,296.08,2.21,1.11,52.56,,
13:57:38,298.06,2.29,0.88,52.63,,
13:57:41,292.98,2.23,1.15,52.63,,
13:57:43,295.71,2.27,0.94,52.63,,
13:57:46,293.13,2.21,0.87,52.69,,
13:57:49,295.12,2.24,1.2,52.63,,
13:57:52,293.47,2.22,0.83,52.69,,
13:57:54,295.59,2.19,1.0,52.69,,
13:57:57,294.31,2.23,1.08,52.69,,
13:58:00,294.08,2.21,0.94,52.69,,
13:58:03,293.24,2.22,1.07,52.75,,
13:58:05,294.92,2.23,1.12,52.75,,
13:58:08,294.97,2.28,0.92,52.69,,
13:58:11,294.97,2.23,1.18,52.75,,
13:58:14,295.78,2.24,0.84,52.75,,
13:58:16,293.98,2.22,0.92,52.81,,
13:58:19,295.9,2.22,1.2,52.88,,
13:58:22,293.59,2.48,0.8,52.94,,
13:58:25,296.24,2.58,1.06,52.88,,
13:58:27,297.86,2.58,1.04,52.88,,
13:58:30,295.94,2.54,1.08,52.94,,
13:58:33,296.16,2.59,1.06,52.94,,
13:58:36,294.25,2.57,0.82,52.94,,
13:58:39,292.13,2.57,1.27,52.88,,
13:58:41,294.77,2.58,0.87,52.81,,
13:58:44,297.11,2.58,1.12,52.81,,
13:58:47,297.11,2.6,1.1,52.75,,
13:58:50,297.06,2.25,0.92,52.81,,
13:58:52,300.36,2.59,1.12,52.88,,
13:58:55,295.66,2.61,0.96,52.81,,
13:58:58,296.89,2.21,1.02,52.88,,
13:59:01,296.36,2.26,1.15,52.88,,
13:59:03,297.56,2.23,0.88,52.88,,
13:59:06,293.29,2.57,0.96,52.88,,
13:59:09,296.53,2.58,1.11,52.88,,
13:59:12,294.01,2.22,0.83,53.0,,
13:59:14,296.03,2.26,1.09,53.06,,
13:59:17,296.63,2.35,1.16,53.06,,
13:59:20,296.18,2.21,0.77,53.06,,
13:59:23,294.83,2.2,1.07,53.13,,
13:59:25,296.21,2.54,1.29,53.13,,
13:59:28,295.83,2.59,0.86,53.06,,
13:59:31,308.24,2.28,1.04,53.13,,
13:59:34,295.94,2.22,1.14,53.13,,
13:59:36,296.72,2.22,0.81,53.13,,
13:59:39,294.44,2.26,0.9,53.13,,
13:59:42,294.96,2.23,1.16,53.13,,
13:59:45,296.77,2.22,0.91,53.13,,
13:59:47,297.58,2.21,0.9,53.13,,
13:59:50,296.24,2.22,1.17,53.19,,
13:59:53,297.28,2.5,1.06,53.06,,
13:59:56,295.83,2.6,0.83,53.13,,
13:59:58,297.6,2.24,1.28,53.13,,
14:00:01,296.96,2.27,1.03,53.19,,
14:00:04,296.37,2.21,0.93,53.19,,
14:00:07,296.29,2.23,1.16,53.19,,
14:00:09,296.37,2.26,0.93,53.13,,
14:00:12,294.28,2.17,0.9,53.19,,
14:00:15,295.43,2.22,1.2,53.19,,
14:00:18,296.56,2.26,1.04,53.25,,
14:00:21,294.73,2.23,0.82,53.19,,
14:00:23,296.76,2.23,1.17,53.25,,
14:00:26,294.82,2.32,0.93,53.25,,
14:00:29,295.46,2.26,0.94,53.25,,
14:00:32,296.2,2.21,1.19,53.19,,
14:00:34,297.26,2.24,0.85,53.19,,
14:00:37,299.13,2.57,0.95,53.06,,
14:00:40,294.42,2.53,1.18,53.13,,
14:00:43,296.08,2.21,0.97,53.19,,
14:00:45,296.53,2.23,0.93,53.13,,
14:00:48,296.17,2.23,1.16,53.13,,
14:00:51,299.63,2.24,1.07,53.13,,
14:00:54,295.83,2.22,0.77,53.06,,
14:00:56,297.0,2.22,1.21,53.06,,
14:00:59,295.66,2.18,0.93,53.06,,
14:01:02,296.33,2.25,0.91,53.06,,
14:01:05,295.7,2.27,1.21,53.06,,
14:01:07,296.38,2.26,0.91,53.13,,
14:01:10,294.23,2.19,0.97,53.13,,
14:01:13,295.87,2.24,1.2,53.13,,
14:01:16,295.35,2.2,0.89,53.13,,
14:01:18,295.42,2.21,0.97,53.19,,
14:01:21,294.43,2.24,1.16,53.19,,
14:01:24,295.24,2.21,0.79,53.19,,
14:01:27,295.33,2.24,0.97,53.25,,
14:01:29,295.55,2.22,1.14,53.25,,
14:01:32,296.8,2.23,0.9,53.25,,
14:01:35,295.09,2.24,0.91,53.25,,
14:01:38,296.42,2.25,1.19,53.25,,
14:01:40,294.93,2.61,0.83,53.19,,
14:01:43,295.67,2.25,1.11,53.25,,
14:01:46,294.94,2.21,1.19,53.25,,
14:01:49,294.23,2.23,0.93,53.31,,
14:01:51,295.62,2.25,0.98,53.31,,
14:01:54,295.5,2.23,1.19,53.31,,
14:01:57,295.87,2.24,1.04,53.31,,
14:02:00,294.81,2.24,0.81,53.31,,
14:02:03,293.24,2.23,1.15,53.31,,
14:02:05,294.71,2.2,1.11,53.31,,
14:02:08,294.55,2.21,0.89,53.38,,
14:02:11,294.24,2.22,0.99,53.44,,
14:02:14,293.89,2.21,1.15,53.38,,
14:02:16,293.22,2.24,0.98,53.44,,
14:02:19,295.87,2.25,0.82,53.44,,
14:02:22,295.59,2.25,1.17,53.5,,
14:02:25,292.01,2.21,1.15,53.5,,
14:02:27,293.02,2.17,0.93,53.5,,
14:02:30,294.55,2.25,0.96,53.5,,
14:02:33,294.94,2.25,1.22,53.56,,
14:02:36,294.09,2.21,1.07,53.56,,
14:02:38,293.59,2.25,0.76,53.63,,
14:02:41,293.91,2.29,1.17,53.63,,
14:02:44,294.73,2.25,1.1,53.63,,
14:02:47,295.35,2.23,0.94,53.69,,
14:02:49,295.0,2.25,1.02,53.69,,
14:02:52,293.71,2.18,1.16,53.75,,
14:02:55,293.87,2.2,1.05,53.75,,
14:02:58,295.08,2.26,0.77,53.75,,
14:03:00,295.98,2.25,1.1,53.81,,
14:03:03,295.94,2.21,1.22,53.81,,
14:03:06,295.08,2.22,0.99,53.81,,
14:03:09,294.62,2.25,0.81,53.81,,
14:03:11,294.94,2.24,1.19,53.81,,
14:03:14,293.9,2.59,1.05,53.69,,
14:03:17,294.85,2.55,0.82,53.81,,
14:03:20,296.83,2.28,1.23,53.88,,
14:03:22,293.77,2.2,0.82,53.88,,
14:03:25,295.64,2.28,0.96,53.88,,
14:03:28,294.06,2.24,1.14,53.88,,
14:03:31,294.16,2.21,0.85,53.88,,
14:03:33,295.54,2.2,0.97,53.88,,
14:03:36,294.37,2.24,1.16,53.88,,
14:03:39,296.22,2.18,0.97,53.75,,
14:03:42,294.36,2.26,0.81,53.69,,
14:03:45,296.92,2.26,1.2,53.63,,
14:03:47,295.98,2.27,1.04,53.56,,
14:03:50,295.09,2.28,0.81,53.5,,
14:03:53,295.44,2.25,1.21,53.5,,
14:03:56,295.77,2.21,1.04,53.5,,
14:03:58,295.62,2.26,0.89,53.5,,
14:04:01,296.48,2.19,1.23,53.44,,
14:04:04,295.91,2.28,1.06,53.5,,
14:04:07,296.47,2.21,0.9,53.44,,
14:04:09,295.0,2.23,1.14,53.44,,
14:04:12,295.7,2.24,1.03,53.5,,
14:04:15,295.66,2.22,0.85,53.44,,
14:04:18,292.26,2.25,1.19,53.5,,
14:04:20,294.75,2.25,0.99,53.5,,
14:04:23,295.05,2.22,1.04,53.5,,
14:04:26,295.15,2.26,1.26,53.56,,
14:04:29,295.54,2.2,0.88,53.56,,
14:04:31,293.58,2.24,0.92,53.56,,
15:43:03,6.31,0.32,0.99,36.19,,
15:43:05,294.52,4.94,1.37,36.19,,
15:43:06,296.87,1.98,0.84,36.19,,
15:43:07,299.98,2.06,1.46,36.19,,
15:43:08,296.25,2.07,1.85,36.19,,
15:43:10,298.29,2.05,1.9,36.19,,
15:43:11,296.13,2.01,1.1,36.19,,
15:43:12,296.81,2.07,1.35,36.19,,
15:43:13,296.34,2.06,1.12,36.19,,
15:43:15,297.62,2.03,1.5,36.19,,
15:43:16,295.77,2.1,1.91,36.25,,
15:43:17,296.34,2.07,0.78,36.19,,
15:43:18,296.28,2.04,0.9,36.19,,
15:43:20,297.48,2.04,0.77,36.13,,
15:43:21,296.16,2.04,0.79,36.19,,
15:43:22,296.53,2.06,1.82,36.19,,
15:43:23,295.99,2.07,1.27,36.19,,
15:43:25,296.49,2.09,1.33,36.13,,
15:43:26,296.91,2.06,1.89,36.19,,
15:43:27,296.37,2.09,1.03,36.13,,
15:43:28,297.11,2.04,1.4,36.19,,
15:43:30,296.92,2.08,1.37,36.13,,
15:43:31,296.52,2.05,2.02,36.19,,
15:43:32,297.02,2.2,1.13,36.13,,
15:43:33,296.84,2.25,1.09,36.19,,
15:43:35,297.18,2.24,0.77,36.19,,
15:43:36,296.88,2.22,1.26,36.19,,
15:43:37,297.08,2.05,1.64,36.19,,
15:43:38,297.22,2.12,1.36,36.19,,
15:43:40,297.26,2.13,1.31,36.19,,
15:43:41,296.67,2.06,1.44,36.25,,
15:43:42,295.87,2.07,1.42,36.25,,
15:43:43,297.52,2.09,1.3,36.25,,
15:43:45,297.11,2.08,1.64,36.25,,
15:43:46,296.99,2.08,1.56,36.25,,
15:43:47,296.33,2.16,0.84,36.25,,
15:43:48,296.92,2.07,0.77,36.25,,
15:43:50,296.99,2.09,1.45,36.31,,
15:43:51,297.0,2.06,1.43,36.25,,
15:43:52,297.54,2.09,1.45,36.31,,
15:43:53,297.43,2.09,1.48,36.31,,
15:43:55,297.63,2.12,2.07,36.31,,
15:43:56,297.7,2.08,1.34,36.38,,
15:43:57,297.36,2.06,1.4,36.31,,
15:43:58,300.26,2.06,1.89,36.31,,
15:44:00,298.1,2.11,1.18,36.38,,
15:44:01,298.06,2.12,0.95,36.38,,
15:44:02,297.44,2.1,1.07,36.38,,
15:44:03,296.68,2.09,0.79,36.38,,
15:44:05,297.28,2.13,1.31,36.38,,
15:44:06,297.18,2.08,1.36,36.44,,
15:44:07,297.74,2.13,1.92,36.44,,
15:44:08,297.26,2.13,0.78,36.38,,
15:44:10,298.02,2.04,0.64,36.38,,
15:44:11,297.46,2.14,0.63,36.44,,
15:44:12,297.43,2.16,1.89,36.44,,
15:44:14,297.7,2.12,1.77,36.44,,
15:44:15,297.62,2.09,1.06,36.44,,
15:44:16,297.63,2.11,1.19,36.44,,
15:44:17,299.43,2.09,0.8,36.44,,
15:44:19,297.34,2.14,0.66,36.44,,
15:44:20,297.5,2.13,1.26,36.5,,
15:44:21,297.36,2.13,1.37,36.44,,
15:44:22,297.04,2.14,1.37,36.5,,
15:44:24,9.36,0.29,1.06,36.44,,
15:44:25,5.65,0.3,0.91,36.5,,
15:44:26,0.0,0.3,1.11,36.5,,
15:44:27,7.47,0.31,0.99,36.5,,
15:44:29,6.31,0.26,1.0,36.5,,
15:44:30,0.0,0.27,1.0,36.5,,
15:44:31,0.0,0.28,0.99,36.56,,
15:44:32,0.0,0.31,0.99,36.5,,
15:44:34,10.56,0.29,0.98,36.56,,
15:44:35,24.44,1.01,0.99,36.5,,
15:44:36,6.91,0.95,0.98,36.5,,
15:44:37,6.31,0.96,0.99,36.5,,
15:44:39,8.47,0.95,1.0,36.5,,
15:44:40,5.65,0.27,0.99,36.5,,
15:44:41,5.65,0.34,0.99,36.5,,
15:44:42,5.65,0.3,1.01,36.56,,
15:52:07,297.43,2.07,1.13,36.44,,
15:52:08,296.56,2.04,1.03,36.44,,
15:52:10,296.16,2.06,0.42,36.44,,
15:52:11,296.49,2.05,1.35,36.44,,
15:52:12,297.36,2.06,0.98,36.44,,
15:52:13,297.82,2.08,1.22,36.44,,
15:52:15,299.11,2.09,0.98,36.44,,
15:52:16,298.43,2.11,1.47,36.44,,
15:52:17,299.74,2.12,1.31,36.44,,
15:52:18,297.03,2.09,0.3,36.44,,
15:52:20,297.89,2.09,1.64,36.44,,
15:52:21,297.0,2.1,1.71,36.44,,
15:52:22,297.42,2.11,1.54,36.38,,
15:52:23,298.17,2.1,1.2,36.44,,
15:52:25,299.09,2.09,1.31,36.44,,
15:52:26,298.18,2.06,1.06,36.44,,
15:52:27,296.75,2.09,1.12,36.44,,
15:52:28,297.43,2.1,1.37,36.44,,
15:52:30,293.87,2.07,1.68,36.44,,
15:52:31,299.1,2.13,1.21,36.44,,
15:52:32,299.3,2.11,0.9,36.38,,
15:52:33,298.78,2.08,1.02,36.44,,
15:52:35,298.03,2.1,1.15,36.44,,
15:52:36,299.45,2.11,1.33,36.44,,
15:52:37,299.11,2.1,1.6,36.5,,
15:52:38,299.19,2.09,1.48,36.5,,
15:52:40,298.54,2.13,1.17,36.5,,
15:52:41,297.62,2.11,1.08,36.5,,
15:52:42,298.22,2.15,1.82,36.5,,
15:52:43,298.34,2.12,1.78,36.5,,
15:52:45,297.69,2.14,1.34,36.5,,
15:52:46,298.97,2.11,1.55,36.5,,
15:52:47,297.18,2.15,0.76,36.5,,
15:52:48,298.9,2.09,1.01,36.56,,
15:52:50,297.6,2.1,0.94,36.56,,
15:52:51,297.47,2.13,1.29,36.56,,
15:52:52,295.97,2.14,1.54,36.56,,
15:52:53,295.52,2.15,1.8,36.56,,
15:52:55,297.54,2.12,1.25,36.56,,
15:52:56,297.47,2.12,1.05,36.56,,
15:52:57,295.15,2.21,1.42,36.56,,
15:52:58,296.79,2.24,1.42,36.56,,
15:53:00,296.24,2.23,1.96,36.63,,
15:53:01,296.6,2.19,1.18,36.56,,
15:53:02,295.5,2.23,1.22,36.63,,
15:53:03,293.32,2.24,1.06,36.56,,
15:53:05,295.6,2.17,1.33,36.63,,
15:53:06,297.07,2.25,1.11,36.56,,
15:53:07,296.12,2.29,1.25,36.56,,
15:53:08,296.64,2.24,1.03,36.56,,
15:53:10,297.24,2.22,1.28,36.56,,
15:53:11,297.91,2.26,1.06,36.63,,
15:53:12,299.74,2.21,0.76,36.63,,
15:53:13,296.55,2.2,1.54,36.69,,
15:53:15,296.87,2.24,1.58,36.69,,
15:53:16,297.59,2.22,1.15,36.69,,
15:53:17,297.23,2.27,0.66,36.69,,
15:53:18,297.24,2.11,0.76,36.69,,
15:53:20,297.42,2.21,1.41,36.81,,
15:53:21,296.87,2.21,1.54,36.69,,
15:53:22,297.07,2.19,0.93,36.63,,
15:53:23,296.83,2.21,1.3,36.75,,
15:53:25,297.11,2.1,1.15,36.81,,
15:53:26,298.71,2.1,1.13,36.75,,
15:53:27,297.56,2.12,1.33,36.75,,
15:53:28,299.03,2.25,1.49,36.81,,
15:53:30,297.46,2.25,1.5,36.75,,
15:53:31,297.03,2.24,1.09,36.75,,
15:53:32,297.48,2.22,1.09,36.81,,
15:53:33,297.85,2.14,1.14,36.81,,
15:53:35,297.78,2.2,1.06,36.88,,
15:53:36,298.41,2.16,1.01,36.81,,
15:53:37,298.05,2.18,1.64,36.88,,
15:53:38,297.31,2.15,1.29,36.81,,
15:53:40,298.17,2.16,1.3,36.88,,
15:53:41,298.51,2.13,1.12,36.88,,
15:53:42,298.9,2.27,0.91,36.81,,
15:53:43,298.49,2.22,1.15,36.88,,
15:53:45,297.31,2.25,1.83,36.81,,
15:53:46,298.02,2.18,0.97,36.88,,
15:53:47,297.83,2.15,1.13,36.94,,
15:53:48,298.34,2.17,1.6,36.94,,
15:53:50,297.36,2.15,1.47,36.94,,
15:53:51,298.9,2.15,1.64,36.94,,
15:53:52,298.5,2.18,1.37,36.94,,
15:53:53,298.41,2.2,1.61,36.94,,
15:53:55,299.77,2.22,1.43,36.94,,
15:53:56,297.69,2.19,1.02,36.88,,
15:53:57,299.03,2.16,0.81,36.94,,
15:53:58,297.51,2.17,0.88,37.0,,
15:54:00,298.74,2.18,1.35,37.0,,
15:54:01,298.81,2.21,1.39,36.94,,
15:54:02,297.6,2.24,1.25,37.0,,
15:54:03,301.41,2.3,1.15,37.0,,
15:54:05,296.48,2.28,1.52,37.0,,
15:54:06,297.18,2.15,1.22,37.0,,
15:54:07,295.91,2.17,1.09,37.06,,
15:54:08,297.79,2.16,1.33,37.06,,
15:54:10,297.78,2.18,1.38,37.06,,
15:54:11,298.17,2.17,0.82,37.13,,
15:54:12,295.52,2.11,0.63,37.13,,
15:54:13,296.06,2.15,1.7,37.13,,
15:54:15,297.32,2.25,1.37,37.19,,
15:54:16,296.16,2.2,1.23,37.13,,
15:54:17,295.47,2.12,0.88,37.19,,
15:54:18,295.13,2.1,0.83,37.19,,
15:54:20,295.98,2.15,1.63,37.19,,
15:54:21,297.71,2.19,1.57,37.25,,
15:54:22,296.47,2.17,1.38,37.25,,
15:54:23,295.47,2.18,0.75,37.25,,
15:54:25,295.56,2.12,1.16,37.25,,
15:54:26,298.18,2.15,1.02,37.31,,
15:54:27,297.06,2.15,1.31,37.31,,
15:54:28,297.12,2.3,1.14,37.38,,
15:54:30,295.63,2.27,0.95,37.31,,
15:54:31,297.31,2.29,0.98,37.31,,
15:54:32,297.48,2.23,1.62,37.38,,
15:54:33,297.2,2.16,1.41,37.38,,
15:54:35,297.38,2.15,1.2,37.44,,
15:54:36,295.95,2.11,0.99,37.44,,
15:54:37,296.26,2.12,1.11,37.44,,
15:54:38,296.01,2.12,1.74,37.44,,
15:54:40,296.29,2.16,1.57,37.44,,
15:54:41,295.29,2.16,1.3,37.5,,
15:54:42,295.7,2.15,0.48,37.5,,
15:54:43,297.32,2.16,0.86,37.5,,
15:54:45,295.93,2.17,1.04,37.5,,
15:54:46,296.08,2.16,1.61,37.56,,
15:54:47,295.89,2.16,1.22,37.56,,
15:54:48,296.2,2.18,1.24,37.63,,
15:54:50,295.39,2.13,1.43,37.63,,
15:54:51,296.73,2.18,1.25,37.63,,
15:54:52,296.17,2.16,1.05,37.63,,
15:54:53,295.13,2.12,1.55,37.63,,
15:54:55,294.1,2.19,1.25,37.69,,
15:54:56,295.21,2.17,1.11,37.75,,
15:54:57,295.06,2.12,1.1,37.75,,
15:54:58,296.67,2.18,1.46,37.75,,
15:55:00,295.9,2.17,1.17,37.75,,
15:55:01,296.05,2.13,1.15,37.81,,
15:55:02,296.49,2.15,1.33,37.81,,
15:55:04,296.52,2.17,1.01,37.81,,
15:55:05,295.78,2.17,1.71,37.88,,
15:55:06,295.82,2.13,0.9,37.88,,
15:55:07,296.01,2.15,1.44,37.88,,
15:55:09,296.29,2.18,1.06,37.88,,
15:55:10,295.93,2.1,0.52,37.88,,
15:55:11,296.59,2.27,1.73,37.88,,
15:55:12,293.87,2.27,1.16,37.94,,
15:55:14,296.95,2.3,1.75,38.0,,
15:55:15,296.85,2.21,1.8,38.0,,
15:55:16,296.29,2.14,0.97,38.0,,
15:55:17,295.81,2.14,0.72,38.0,,
15:55:19,295.74,2.15,1.13,38.0,,
15:55:20,296.25,2.19,1.16,38.0,,
15:55:21,296.76,2.12,1.43,38.06,,
15:55:22,296.99,2.17,1.57,38.06,,
15:55:24,297.03,2.21,1.21,38.13,,
15:55:25,297.35,2.17,0.89,38.06,,
15:55:26,296.57,2.23,0.83,38.13,,
15:55:27,295.7,2.16,1.12,38.13,,
15:55:29,296.3,2.15,1.4,38.19,,
15:55:30,296.38,2.14,1.74,38.19,,
15:55:31,296.59,2.15,0.92,38.19,,
15:55:32,295.94,2.13,0.73,38.19,,
15:55:34,296.14,2.17,1.21,38.25,,
15:55:35,296.79,2.17,1.45,38.25,,
15:55:36,296.64,2.15,1.58,38.25,,
15:55:37,295.43,2.18,1.43,38.31,,
15:55:39,296.84,2.22,1.14,38.31,,
15:55:40,296.47,2.22,0.67,38.31,,
15:55:41,296.8,2.21,1.05,38.31,,
15:55:42,296.84,2.18,1.5,38.38,,
15:55:44,297.16,2.16,1.65,38.38,,
15:55:45,297.95,2.18,1.49,38.38,,
15:55:46,297.06,2.16,1.01,38.44,,
15:55:47,298.17,2.2,0.87,38.44,,
15:55:49,299.1,2.17,1.62,38.44,,
15:55:50,297.38,2.14,1.49,38.5,,
15:55:51,297.1,2.17,1.71,38.5,,
15:55:52,297.15,2.23,0.99,38.56,,
15:55:54,297.34,2.17,0.81,38.56,,
15:55:55,298.14,2.19,1.08,38.56,,
15:55:56,297.91,2.17,1.19,38.56,,
15:55:57,299.13,2.22,1.0,38.56,,
15:55:59,298.58,2.2,1.39,38.63,,
15:56:00,298.45,2.16,1.21,38.63,,
15:56:01,298.91,2.19,0.84,38.63,,
15:56:02,298.71,2.21,1.07,38.69,,
15:56:04,298.46,2.18,1.51,38.69,,
15:56:05,298.23,2.18,1.32,38.69,,
15:56:06,297.82,2.19,1.35,38.69,,
15:56:07,297.66,2.2,1.48,38.75,,
15:56:09,297.78,2.15,0.79,38.75,,
15:56:10,298.33,2.19,0.8,38.75,,
15:56:11,298.05,2.25,1.35,38.81,,
15:56:12,297.16,2.18,1.47,38.81,,
15:56:14,296.8,2.3,1.66,38.88,,
15:56:15,297.34,2.29,1.17,38.88,,
15:56:16,299.41,2.33,0.98,38.81,,
15:56:17,299.51,2.29,1.46,38.81,,
15:56:19,298.45,2.19,1.09,38.94,,
15:56:20,297.47,2.2,1.41,38.94,,
15:56:21,297.93,2.16,1.3,38.94,,
15:56:22,297.74,2.14,1.17,38.94,,
15:56:24,298.03,2.17,0.67,39.0,,
15:56:25,297.48,2.19,1.17,38.94,,
15:56:26,298.37,2.2,1.58,39.0,,
16:00:27,298.03,2.18,1.49,39.0,,
16:00:28,298.46,2.17,1.33,39.0,,
16:00:28,297.06,2.18,0.87,39.06,,
16:00:28,297.5,2.22,0.58,39.06,,
16:00:28,297.28,2.21,1.05,39.06,,
16:00:28,297.77,2.2,1.36,39.06,,
16:00:28,297.27,2.22,1.41,39.06,,
16:00:28,297.27,2.2,1.0,39.13,,
16:00:28,297.32,2.21,0.61,39.13,,
16:00:28,298.17,2.2,1.07,39.13,,
16:00:28,296.95,2.19,1.24,39.19,,
16:00:28,298.45,2.2,1.1,39.13,,
16:00:28,297.56,2.17,1.46,39.13,,
16:00:28,297.79,2.19,0.81,39.13,,
16:00:28,297.52,2.2,0.74,39.19,,
16:00:28,297.12,2.14,1.03,39.19,,
16:00:28,298.03,2.2,1.46,39.19,,
16:00:28,297.63,2.16,0.98,39.19,,
16:00:28,296.68,2.19,1.71,39.19,,
16:00:28,296.06,2.19,1.01,39.19,,
16:00:28,297.52,2.18,0.75,39.19,,
16:00:28,296.53,2.17,0.82,39.25,,
16:00:28,297.07,2.2,1.1,39.25,,
16:00:28,298.78,2.16,1.46,39.25,,
16:00:28,298.54,2.26,1.45,39.31,,
16:00:28,298.41,2.19,1.52,39.31,,
16:00:28,298.03,2.21,0.97,39.38,,
16:00:28,298.91,2.18,1.21,39.38,,
16:00:28,296.8,2.23,1.17,39.44,,
16:00:28,297.39,2.21,1.81,39.44,,
16:00:28,297.73,2.23,1.57,39.44,,
16:00:28,299.3,2.25,1.24,39.44,,
16:00:28,298.31,2.2,1.28,39.5,,
16:00:28,298.06,2.19,1.1,39.5,,
16:00:28,296.36,2.18,1.66,39.5,,
16:00:28,296.45,2.2,1.38,39.5,,
16:00:28,296.53,2.16,1.25,39.5,,
16:00:28,297.22,2.19,1.42,39.56,,
16:00:28,296.8,2.18,1.32,39.56,,
16:00:28,297.16,2.23,1.06,39.63,,
16:00:28,297.16,2.17,0.97,39.63,,
16:00:28,296.18,2.14,1.66,39.63,,
16:00:28,295.95,2.15,0.84,39.63,,
16:00:28,297.19,2.16,1.69,39.69,,
16:00:28,295.09,2.21,1.29,39.69,,
16:00:28,296.6,2.2,0.8,39.75,,
16:00:28,296.16,2.19,0.96,39.75,,
16:00:28,296.71,2.19,0.96,39.75,,
16:00:28,296.6,2.16,1.08,39.75,,
16:00:28,296.36,2.21,1.19,39.75,,
16:00:28,295.55,2.18,1.35,39.75,,
16:00:28,296.55,2.2,1.4,39.81,,
16:00:28,294.89,2.19,0.77,39.75,,
16:00:28,296.61,2.16,1.3,39.75,,
16:00:28,297.12,2.17,1.04,39.81,,
16:00:28,296.91,2.18,1.12,39.81,,
16:00:28,295.83,2.21,1.57,39.81,,
16:00:28,296.72,2.2,1.03,39.88,,
16:00:28,296.55,2.14,0.86,39.88,,
16:00:28,296.12,2.2,0.71,39.88,,
16:00:28,296.24,2.19,1.32,39.94,,
16:00:28,296.73,2.22,1.14,39.94,,
16:00:28,297.36,2.21,1.75,40.0,,
16:00:28,297.6,2.19,1.5,40.0,,
16:00:28,298.42,2.27,1.37,40.06,,
16:00:28,296.8,2.32,0.69,39.94,,
16:00:28,297.24,2.27,0.6,40.0,,
16:00:28,297.36,2.29,1.22,40.0,,
16:00:28,297.78,2.17,1.13,40.06,,
16:00:28,297.97,2.23,1.28,40.06,,
16:00:28,297.59,2.21,1.28,40.13,,
16:00:28,298.02,2.22,0.96,40.13,,
16:00:28,297.3,2.17,0.98,40.13,,
16:00:28,297.26,2.2,1.03,40.13,,
16:00:28,297.79,2.21,1.27,40.13,,
16:00:28,297.87,2.19,1.25,40.19,,
16:00:28,298.09,2.24,1.45,40.19,,
16:00:28,297.22,2.19,1.46,40.25,,
16:00:28,298.13,2.19,0.82,40.25,,
16:00:28,297.83,2.13,0.57,40.25,,
16:00:28,298.15,2.18,1.03,40.31,,
16:00:28,298.23,2.24,1.25,40.31,,
16:00:28,296.73,2.16,1.12,40.31,,
16:00:28,296.79,2.2,1.26,40.31,,
16:00:28,297.58,2.19,1.37,40.38,,
16:00:28,297.78,2.22,1.23,40.38,,
16:00:28,299.1,2.17,0.88,40.44,,
16:00:28,298.98,2.2,1.05,40.38,,
16:00:28,297.73,2.2,1.6,40.44,,
16:00:28,297.58,2.15,1.29,40.44,,
16:00:28,297.22,2.21,1.44,40.44,,
16:00:28,298.77,2.19,1.77,40.44,,
16:00:28,298.59,2.18,1.18,40.44,,
16:00:28,300.24,2.22,1.0,40.44,,
16:00:28,298.27,2.16,1.2,40.5,,
16:00:28,297.6,2.21,1.14,40.5,,
16:00:28,297.81,2.21,1.27,40.5,,
16:00:28,299.19,2.21,1.54,40.56,,
16:00:28,299.21,2.21,1.61,40.5,,
16:00:28,298.31,2.22,1.52,40.56,,
16:00:28,299.62,2.2,1.22,40.63,,
16:00:28,298.03,2.2,1.16,40.63,,
16:00:28,298.58,2.21,1.32,40.63,,
16:00:28,298.62,2.19,1.33,40.63,,
16:00:28,297.67,2.22,1.06,40.63,,
16:00:28,298.82,2.25,1.73,40.69,,
16:00:28,298.41,2.2,1.47,40.69,,
16:00:28,297.63,2.18,1.29,40.69,,
16:00:28,298.22,2.21,0.95,40.63,,
16:00:28,297.79,2.19,0.86,40.69,,
16:00:28,294.51,2.21,1.23,40.69,,
16:00:28,297.2,2.25,1.65,40.63,,
16:00:28,298.38,2.16,1.6,40.63,,
16:00:28,298.13,2.2,1.6,40.63,,
16:00:28,297.42,2.23,1.35,40.69,,
16:00:28,297.5,2.22,1.07,40.69,,
16:00:28,298.02,2.18,1.28,40.69,,
16:00:28,297.85,2.14,0.92,40.69,,
16:00:28,297.38,2.14,1.39,40.75,,
16:00:28,296.96,2.14,1.32,40.75,,
16:00:28,297.43,2.17,1.63,40.81,,
16:00:28,297.59,2.23,1.41,40.81,,
16:00:28,297.77,2.25,0.94,40.88,,
16:00:28,298.11,2.21,1.02,40.88,,
16:00:28,298.38,2.24,1.13,40.88,,
16:00:28,298.77,2.2,1.02,40.88,,
16:00:28,297.32,2.23,1.2,40.88,,
16:00:28,297.18,2.21,1.3,40.88,,
16:00:28,298.94,2.24,1.67,40.88,,
16:00:28,296.81,2.24,1.37,40.94,,
16:00:28,299.15,2.26,1.49,40.94,,
16:00:28,297.4,2.18,0.73,41.0,,
16:00:28,296.47,2.21,0.65,41.0,,
16:00:28,296.84,2.2,1.11,41.06,,
16:00:28,297.67,2.19,1.02,41.06,,
16:00:28,297.08,2.22,1.39,41.06,,
16:00:28,297.98,2.2,1.5,41.06,,
16:00:28,296.56,2.2,1.2,41.06,,
16:00:28,297.69,2.21,1.2,41.06,,
16:00:28,297.71,2.2,0.67,41.06,,
16:00:28,296.13,2.22,0.88,41.06,,
16:00:28,297.94,2.22,1.33,41.13,,
16:00:28,297.28,2.2,1.2,41.13,,
16:00:28,296.95,2.14,1.43,41.06,,
16:00:28,298.3,2.22,1.17,41.13,,
16:00:28,297.3,2.23,1.64,41.13,,
16:00:28,296.08,2.2,1.41,41.19,,
16:00:28,297.04,2.24,1.06,41.19,,
16:00:28,297.08,2.23,1.16,41.19,,
16:00:28,297.06,2.23,0.93,41.19,,
16:00:28,297.55,2.21,1.71,41.25,,
16:00:28,298.49,2.22,1.25,41.25,,
16:00:28,296.91,2.21,1.14,41.25,,
16:00:28,296.51,2.21,1.4,41.25,,
16:00:28,297.56,2.22,1.5,41.25,,
16:00:28,297.23,2.21,1.4,41.31,,
16:00:28,296.83,2.18,1.25,41.31,,
16:00:28,298.02,2.21,1.04,41.38,,
16:00:28,298.18,2.27,1.01,41.38,,
16:00:28,297.81,2.22,0.76,41.38,,
16:00:28,299.34,2.39,1.17,41.56,,
16:00:28,297.08,2.33,1.5,41.38,,
16:00:28,297.38,2.3,1.4,41.44,,
16:00:28,298.61,2.3,1.23,41.38,,
16:00:28,296.71,2.32,1.09,41.5,,
16:00:28,297.54,2.34,1.02,41.44,,
16:00:28,296.76,2.29,0.69,41.5,,
16:00:28,297.24,2.31,1.3,41.56,,
16:00:28,300.75,2.31,0.98,41.63,,
16:00:28,297.39,2.34,1.33,41.56,,
16:00:28,296.87,2.31,1.36,41.56,,
16:00:28,297.74,2.34,1.01,41.69,,
16:00:28,298.01,2.29,1.33,41.69,,
16:00:28,297.06,2.34,1.24,41.69,,
16:00:28,299.59,2.35,1.31,41.69,,
16:00:28,296.14,2.28,1.62,41.69,,
16:00:28,305.56,2.2,1.39,41.75,,
16:00:28,297.5,2.19,0.87,41.75,,
16:00:28,297.46,2.32,1.05,41.75,,
16:00:28,301.61,2.3,0.88,41.75,,
16:00:28,297.58,2.32,1.65,41.75,,
16:00:28,297.24,2.37,1.39,41.81,,
16:00:28,298.87,2.19,1.2,41.81,,
16:00:28,297.83,2.2,1.24,41.88,,
16:00:28,297.15,2.22,1.41,41.88,,
16:00:28,299.45,2.35,1.26,41.94,,
16:00:28,297.83,2.38,1.39,41.88,,
16:00:28,297.56,2.31,1.33,41.94,,
16:00:28,297.91,2.31,1.1,41.94,,
16:00:28,297.16,2.23,1.19,41.94,,
16:00:28,296.71,2.19,0.91,41.94,,
16:00:28,296.2,2.2,0.91,41.94,,
16:00:28,297.2,2.16,0.97,41.94,,
16:00:29,297.54,2.19,1.5,42.0,,
16:00:30,297.28,2.18,1.65,42.0,,
16:00:31,294.02,2.29,1.6,42.13,,
16:02:01,296.55,2.33,1.28,42.0,,
16:02:01,297.81,2.31,1.43,42.0,,
16:02:01,296.51,2.3,0.86,42.0,,
16:02:01,297.38,2.19,0.82,42.13,,
16:02:01,298.26,2.21,1.34,42.13,,
16:02:01,297.79,2.17,2.0,42.13,,
16:02:01,296.28,2.25,1.4,42.06,,
16:02:01,297.48,2.15,1.18,42.06,,
16:02:01,298.29,2.26,1.63,42.06,,
16:02:01,296.51,2.17,1.26,42.06,,
16:02:01,297.32,2.2,1.15,42.06,,
16:02:01,296.87,2.19,1.32,42.06,,
16:02:01,298.05,2.2,1.3,42.06,,
16:02:01,296.64,2.16,0.42,42.13,,
16:02:01,297.38,2.37,1.38,42.19,,
16:02:01,297.02,2.3,1.47,42.06,,
16:02:01,294.06,2.29,1.14,42.06,,
16:02:01,296.45,2.34,1.23,42.13,,
16:02:01,296.24,2.2,1.3,42.25,,
16:02:01,296.03,2.19,1.48,42.25,,
16:02:01,297.79,2.23,1.63,42.31,,
16:02:01,296.6,2.22,1.32,42.31,,
16:02:01,297.22,2.2,1.31,42.38,,
16:02:01,296.83,2.25,0.87,42.38,,
16:02:01,297.32,2.21,0.6,42.38,,
16:02:01,297.22,2.22,0.84,42.38,,
16:02:01,297.34,2.2,1.18,42.44,,
16:02:01,296.67,2.25,1.63,42.44,,
16:02:01,298.22,2.21,1.28,42.44,,
16:02:01,297.9,2.24,1.87,42.5,,
16:02:01,298.42,2.21,1.52,42.56,,
16:02:01,298.75,2.23,1.12,42.56,,
16:02:01,297.12,2.2,1.33,42.63,,
16:02:01,298.06,2.2,1.1,42.63,,
16:02:01,296.77,2.23,0.75,42.69,,
16:02:01,297.06,2.19,1.06,42.69,,
16:02:01,297.15,2.25,1.22,42.75,,
16:02:01,297.85,2.36,1.19,42.69,,
16:02:01,296.68,2.33,1.47,42.69,,
16:02:01,297.3,2.33,1.1,42.75,,
16:02:01,297.23,2.32,1.72,42.81,,
16:02:01,297.42,2.25,1.4,42.75,,
16:02:01,295.87,2.22,1.58,42.81,,
16:02:01,298.13,2.21,1.46,42.81,,
16:02:01,296.53,2.21,0.79,42.81,,
16:02:01,298.57,2.22,1.13,42.81,,
16:02:01,296.09,2.22,0.62,42.88,,
16:02:01,298.03,2.2,1.15,42.88,,
16:02:01,296.52,2.2,0.91,42.88,,
16:02:01,298.03,2.23,1.04,42.88,,
16:02:01,296.36,2.21,1.87,42.88,,
16:02:01,298.49,2.22,0.9,42.94,,
16:02:01,297.02,2.23,1.82,42.94,,
16:02:01,297.7,2.18,0.97,43.0,,
16:02:01,296.84,2.23,1.27,43.0,,
16:02:01,298.31,2.21,1.38,43.06,,
16:02:01,296.91,2.23,1.33,43.06,,
16:02:01,297.65,2.19,1.16,43.06,,
16:02:01,298.02,2.21,1.35,43.13,,
16:02:01,297.59,2.18,1.21,43.13,,
16:02:01,298.73,2.26,1.31,43.13,,
16:02:01,296.14,2.27,0.9,43.13,,
16:02:01,297.93,2.22,1.08,43.13,,
16:02:01,295.6,2.21,1.12,43.19,,
16:02:01,296.68,2.23,0.75,43.19,,
16:02:01,296.06,2.22,0.95,43.19,,
16:02:01,297.74,2.29,0.96,43.19,,
16:02:01,296.12,2.21,1.05,43.25,,
16:02:01,296.76,2.23,1.39,43.25,,
16:02:01,296.1,2.19,1.67,43.25,,
16:02:01,298.13,2.34,1.45,43.31,,
16:02:02,295.9,2.34,1.19,43.38,,
16:02:03,296.32,2.36,1.45,43.31,,
16:02:04,295.67,2.27,1.08,43.31,,
16:02:05,296.28,2.22,1.08,43.31,,
16:02:07,294.82,2.18,0.82,43.31,,
16:02:08,296.37,2.2,1.38,43.38,,
16:02:09,295.28,2.18,0.39,43.38,,
16:02:10,296.22,2.25,0.78,43.38,,
16:02:12,295.0,2.23,0.92,43.38,,
16:02:13,296.95,2.21,1.67,43.38,,
16:02:14,296.16,2.16,1.45,43.38,,
16:02:15,296.73,2.21,1.37,43.44,,
16:02:17,296.01,2.2,1.58,43.5,,
16:02:18,296.52,2.23,1.27,43.5,,
16:02:19,296.53,2.22,1.11,43.5,,
16:02:20,296.29,2.22,1.37,43.5,,
16:02:22,295.91,2.21,1.1,43.5,,
16:02:23,297.32,2.19,1.4,43.56,,
16:02:24,295.43,2.26,1.04,43.56,,
16:02:25,298.89,2.23,0.79,43.56,,
16:02:27,297.12,2.24,0.85,43.56,,
16:02:28,297.58,2.23,0.55,43.63,,
16:02:29,297.36,2.24,0.83,43.63,,
16:02:30,297.34,2.19,1.8,43.63,,
16:02:32,296.77,2.22,2.01,43.63,,
16:02:33,297.06,2.21,1.48,43.69,,
16:02:34,296.81,2.21,1.46,43.69,,
16:02:35,296.75,2.23,1.21,43.75,,
16:02:37,297.52,2.18,1.14,43.75,,
16:02:38,297.6,2.28,1.46,43.75,,
16:02:39,296.41,2.22,1.36,43.81,,
16:02:40,297.82,2.22,1.38,43.81,,
16:02:42,296.29,2.28,1.34,43.81,,
16:02:43,298.02,2.2,1.46,43.81,,
16:02:44,295.64,2.25,1.22,43.88,,
16:02:45,297.16,2.23,1.25,43.81,,
16:02:47,296.89,2.23,1.08,43.88,,
16:02:48,296.92,2.17,1.18,43.88,,
16:02:49,296.44,2.25,1.36,43.88,,
16:02:50,297.59,2.19,1.57,43.94,,
16:02:52,296.4,2.2,1.09,43.94,,
16:02:53,298.15,2.24,1.51,43.94,,
16:02:54,296.06,2.25,1.55,44.0,,
16:02:55,297.4,2.24,1.26,44.0,,
16:02:57,296.06,2.23,1.61,44.0,,
16:02:58,297.38,2.24,1.74,44.0,,
16:02:59,296.34,2.18,1.29,43.94,,
16:03:00,297.89,2.23,1.28,44.0,,
16:03:02,296.69,2.23,1.32,44.0,,
16:03:03,296.81,2.18,0.88,44.0,,
16:03:04,295.21,2.31,0.88,44.06,,
16:03:05,299.29,2.33,1.29,44.0,,
16:03:07,296.17,2.3,1.49,44.06,,
16:03:08,296.18,2.28,1.07,44.0,,
16:03:09,295.67,2.17,1.06,44.0,,
16:03:10,296.34,2.26,1.36,44.06,,
16:03:12,295.58,2.2,1.21,44.06,,
16:03:13,296.28,2.21,1.08,44.06,,
16:03:14,296.56,2.2,1.54,44.06,,
16:03:15,295.7,2.24,1.35,44.06,,
16:03:17,295.67,2.2,1.36,44.06,,
16:03:18,294.98,2.19,0.91,44.13,,
16:03:19,296.13,2.17,0.92,44.13,,
16:03:20,295.81,2.24,0.96,44.13,,
16:03:22,295.6,2.25,1.14,44.13,,
16:03:23,296.99,2.2,0.84,44.19,,
16:03:24,295.33,2.25,1.33,44.19,,
16:03:25,297.9,2.23,0.96,44.19,,
16:03:27,295.46,2.2,1.74,44.19,,
16:03:28,296.55,2.23,1.55,44.19,,
16:03:29,295.05,2.24,1.44,44.25,,
16:03:30,297.58,2.16,1.41,44.19,,
16:03:32,295.87,2.21,1.64,44.25,,
16:03:33,297.34,2.24,1.24,44.25,,
16:03:34,295.7,2.25,0.92,44.25,,
16:03:35,296.85,2.2,1.14,44.25,,
16:03:37,294.75,2.17,0.91,44.25,,
16:03:38,294.56,2.23,1.14,44.31,,
16:03:39,295.82,2.2,1.51,44.31,,
16:03:40,293.51,2.21,0.65,44.25,,
16:03:42,294.31,2.16,1.28,44.25,,
16:03:43,294.93,2.22,1.27,44.25,,
16:03:44,295.97,2.15,1.44,44.25,,
16:03:45,295.89,2.23,1.16,44.25,,
16:03:47,295.7,2.24,1.16,44.25,,
16:03:48,295.24,2.19,1.23,44.25,,
16:03:49,294.58,2.21,1.35,44.25,,
16:03:50,295.31,2.17,1.31,44.25,,
16:03:52,297.23,2.23,1.42,44.25,,
16:03:53,296.91,2.23,0.92,44.31,,
16:03:54,296.32,2.23,1.67,44.31,,
16:03:56,294.56,2.19,1.03,44.31,,
16:03:57,294.98,2.19,1.17,44.31,,
16:03:58,296.57,2.21,1.69,44.25,,
16:03:59,294.7,2.27,0.92,44.31,,
16:04:01,297.35,2.24,0.98,44.31,,
16:04:02,296.08,2.27,1.06,44.31,,
16:04:03,294.79,2.2,1.59,44.31,,
16:04:04,294.59,2.22,1.14,44.38,,
16:04:06,294.67,2.21,1.37,44.38,,
16:04:07,296.05,2.18,1.42,44.38,,
16:04:08,296.72,2.22,1.13,44.38,,
16:04:09,294.82,2.25,1.3,44.44,,
16:04:11,296.36,2.2,1.22,44.44,,
16:04:12,295.75,2.2,1.42,44.5,,
16:04:13,295.56,2.24,1.02,44.5,,
16:04:14,296.37,2.19,1.53,44.56,,
16:04:16,295.67,2.18,1.06,44.56,,
16:04:17,295.43,2.19,1.02,44.63,,
16:04:18,295.51,2.15,1.16,44.63,,
16:04:19,293.58,2.23,0.9,44.69,,
16:04:21,296.53,2.2,0.9,44.69,,
16:04:22,294.81,2.2,0.65,44.69,,
16:04:23,294.74,2.2,1.82,44.69,,
16:04:24,295.66,2.22,1.28,44.75,,
16:04:26,295.12,2.22,1.41,44.75,,
16:04:27,294.97,2.2,1.32,44.81,,
16:04:28,295.89,2.24,1.16,44.81,,
16:04:29,296.2,2.22,1.19,44.88,,
16:04:31,294.4,2.2,1.73,44.88,,
16:04:32,295.54,2.19,1.05,44.94,,
16:04:33,295.33,2.21,1.34,44.94,,
16:04:34,294.06,2.22,1.41,44.94,,
16:04:36,295.23,2.22,1.28,45.0,,
16:04:37,295.33,2.2,1.67,45.0,,
16:04:38,297.74,2.32,1.59,45.06,,
16:04:39,294.98,2.35,1.22,45.06,,
16:04:41,295.93,2.29,1.15,45.06,,
16:04:42,294.16,2.33,1.39,45.06,,
16:04:43,295.21,2.22,1.15,45.06,,
16:04:44,294.13,2.23,1.37,45.0,,
16:04:46,294.4,2.25,0.96,45.06,,
16:04:47,295.42,2.17,0.94,45.0,,
16:04:48,295.68,2.2,1.49,45.06,,
16:04:49,293.96,2.23,0.91,45.06,,
16:04:51,296.24,2.21,0.69,45.06,,
16:04:52,296.53,2.22,1.38,45.06,,
16:04:53,291.55,2.26,0.65,45.06,,
16:04:54,295.71,2.18,1.07,45.06,,
16:04:56,295.0,2.22,0.89,45.13,,
16:04:57,294.28,2.21,0.83,45.13,,
16:04:58,294.2,2.21,1.03,45.13,,
16:04:59,295.5,2.24,0.8,45.19,,
16:05:01,294.42,2.22,1.74,45.19,,
16:05:02,295.32,2.27,1.39,45.19,,
16:05:03,294.24,2.22,1.58,45.19,,
16:05:04,294.83,2.23,1.32,45.19,,
16:05:06,295.37,2.2,1.52,45.19,,
16:05:07,294.13,2.23,1.44,45.13,,
16:05:08,294.92,2.19,1.29,45.19,,
16:05:09,294.75,2.16,1.61,45.19,,
16:05:11,294.24,2.22,0.95,45.19,,
16:05:12,296.08,2.23,1.34,45.13,,
16:05:13,293.43,2.2,1.21,45.19,,
16:05:14,295.94,2.2,1.23,45.19,,
16:05:16,295.4,2.2,1.33,45.25,,
16:05:17,295.5,2.18,0.8,45.19,,
16:05:18,296.44,2.23,1.03,45.25,,
16:05:19,295.82,2.2,0.94,45.25,,
16:05:21,295.36,2.19,1.32,45.25,,
16:05:22,295.71,2.21,0.79,45.25,,
16:05:23,295.0,2.22,1.34,45.25,,
16:05:24,295.67,2.22,1.72,45.31,,
16:05:26,296.16,2.2,1.25,45.31,,
16:05:27,295.09,2.24,1.19,45.31,,
16:11:35,294.29,2.15,1.68,45.31,,
16:11:35,295.24,2.19,1.3,45.31,,
16:11:35,295.24,2.2,1.37,45.38,,
16:11:35,295.43,2.22,1.32,45.38,,
16:11:35,296.41,2.24,1.63,45.38,,
16:11:35,295.63,2.19,1.51,45.38,,
16:11:35,296.51,2.24,1.46,45.38,,
16:11:35,295.95,2.19,1.17,45.38,,
16:11:35,295.81,2.2,1.41,45.38,,
16:11:35,297.2,2.21,1.08,45.44,,
16:11:35,296.84,2.18,1.25,45.44,,
16:11:35,296.47,2.22,0.94,45.44,,
16:11:35,296.18,2.23,0.69,45.5,,
16:11:35,297.32,2.16,1.11,45.44,,
16:11:35,296.18,2.21,0.91,45.5,,
16:11:35,297.34,2.21,1.27,45.5,,
16:11:35,296.38,2.28,0.93,45.5,,
16:11:35,296.91,2.24,1.59,45.5,,
16:11:35,297.15,2.25,1.28,45.44,,
16:11:35,295.94,2.2,1.47,45.5,,
16:11:35,297.59,2.24,1.35,45.44,,
16:11:35,295.32,2.26,1.44,45.5,,
16:11:35,296.68,2.22,1.53,45.44,,
16:11:35,295.04,2.25,1.32,45.44,,
16:11:35,297.11,2.24,1.24,45.44,,
16:11:35,296.13,2.24,1.41,45.44,,
16:11:35,296.06,2.25,0.84,45.44,,
16:11:35,298.26,2.22,1.07,45.44,,
16:11:35,297.0,2.19,1.06,45.44,,
16:11:35,296.87,2.19,0.83,45.44,,
16:11:35,297.27,2.2,1.25,45.44,,
16:11:35,295.58,2.28,0.6,45.44,,
16:11:35,297.32,2.2,0.92,45.44,,
16:11:35,296.16,2.24,0.87,45.5,,
16:11:35,297.46,2.21,1.61,45.5,,
16:11:35,297.36,2.17,0.82,45.5,,
16:11:35,296.28,2.22,1.27,45.5,,
16:11:35,297.39,2.22,1.31,45.44,,
16:11:35,296.85,2.21,1.15,45.44,,
16:11:35,296.71,2.21,1.73,45.44,,
16:11:35,296.08,2.26,1.24,45.44,,
16:11:35,296.48,2.24,1.45,45.5,,
16:11:35,296.64,2.25,1.07,45.56,,
16:11:35,296.26,2.26,1.86,45.56,,
16:11:35,295.31,2.27,0.76,45.63,,
16:11:35,296.2,2.22,1.02,45.69,,
16:11:35,295.59,2.24,1.22,45.69,,
16:11:35,294.2,2.2,0.69,45.69,,
16:11:35,296.38,2.22,1.03,45.69,,
16:11:35,294.4,2.2,0.52,45.69,,
16:11:35,295.7,2.19,1.08,45.69,,
16:11:35,294.44,2.17,1.77,45.69,,
16:11:35,295.73,2.19,0.9,45.69,,
16:11:35,295.54,2.2,1.38,45.69,,
16:11:35,295.58,2.22,1.45,45.69,,
16:11:36,295.25,2.26,1.28,45.69,,
16:11:36,296.96,2.29,1.47,45.75,,
16:11:36,295.4,2.3,0.76,45.69,,
16:11:36,296.8,2.33,0.82,45.75,,
16:11:36,294.55,2.36,1.14,45.81,,
16:11:36,294.51,2.25,2.13,45.75,,
16:11:36,296.52,2.34,1.07,45.81,,
16:11:36,293.94,2.29,1.13,45.81,,
16:11:36,293.4,2.33,1.53,45.81,,
16:11:36,294.08,2.21,1.43,45.81,,
16:11:36,293.51,2.31,1.29,45.81,,
16:11:36,293.44,2.28,1.56,45.94,,
16:11:36,294.56,2.33,1.09,45.88,,
16:11:36,292.62,2.3,0.81,45.88,,
16:11:36,293.26,2.31,1.49,46.0,,
16:11:36,291.57,2.3,0.83,45.94,,
16:11:36,292.54,2.34,1.26,46.0,,
16:11:36,292.11,2.3,1.12,45.94,,
16:11:36,293.45,2.18,1.69,45.94,,
16:11:36,291.53,2.26,1.29,46.0,,
16:11:36,294.9,2.29,1.24,46.13,,
16:11:36,294.19,2.32,1.24,46.13,,
16:11:36,292.22,2.29,1.14,46.13,,
16:11:36,294.16,2.23,1.06,46.06,,
16:11:36,293.9,2.22,1.07,46.13,,
16:11:36,293.64,2.16,0.67,46.13,,
16:11:36,294.67,2.28,1.1,46.13,,
16:11:36,293.28,2.33,0.92,46.13,,
16:11:36,294.71,2.34,1.4,46.13,,
16:11:36,294.12,2.25,1.34,46.19,,
16:11:36,294.62,2.2,1.27,46.13,,
16:11:36,294.36,2.19,1.67,46.13,,
16:11:36,295.06,2.18,0.97,46.13,,
16:11:36,293.75,2.22,1.39,46.06,,
16:11:36,294.55,2.16,1.15,46.06,,
16:11:36,294.69,2.22,1.37,46.06,,
16:11:36,295.13,2.35,0.82,46.13,,
16:11:36,292.94,2.27,1.78,46.19,,
16:11:36,292.49,2.3,0.79,46.13,,
16:11:36,295.08,2.34,1.11,46.13,,
16:11:36,292.5,2.17,1.42,46.06,,
16:11:36,293.44,2.16,1.85,46.06,,
16:11:36,292.91,2.21,1.35,46.06,,
16:11:36,293.22,2.21,0.94,46.06,,
16:11:36,293.22,2.22,1.73,46.06,,
16:11:36,293.45,2.17,1.28,46.06,,
16:11:36,292.88,2.18,1.16,46.06,,
16:11:36,292.43,2.17,1.62,46.13,,
16:11:36,294.04,2.2,1.15,46.06,,
16:11:36,293.91,2.19,1.46,46.13,,
16:11:36,292.56,2.16,0.93,46.13,,
16:11:36,294.01,2.21,1.49,46.19,,
16:11:36,294.83,2.3,0.77,46.19,,
16:11:36,294.29,2.33,1.13,46.25,,
16:11:36,292.87,2.35,1.11,46.25,,
16:11:36,294.78,2.32,1.73,46.25,,
16:11:36,295.16,2.2,1.29,46.19,,
16:11:36,295.85,2.21,1.8,46.25,,
16:11:36,296.2,2.19,1.19,46.25,,
16:11:36,293.41,2.2,1.13,46.25,,
16:11:36,294.52,2.21,1.55,46.25,,
16:11:36,294.82,2.17,1.12,46.25,,
16:11:36,294.46,2.18,1.46,46.25,,
16:11:36,293.94,2.19,1.51,46.31,,
16:11:36,295.06,2.19,1.39,46.31,,
16:11:36,293.53,2.21,1.35,46.31,,
16:11:36,293.2,2.21,1.76,46.31,,
16:11:36,292.88,2.24,1.21,46.31,,
16:11:36,294.51,2.18,1.46,46.31,,
16:11:36,292.81,2.21,1.15,46.31,,
16:11:36,294.54,2.17,1.18,46.31,,
16:11:36,293.63,2.24,0.98,46.38,,
16:11:36,294.25,2.19,1.59,46.38,,
16:11:36,293.71,2.22,1.21,46.38,,
16:11:36,293.45,2.23,1.35,46.44,,
16:11:36,294.83,2.32,1.37,46.56,,
16:11:36,293.7,2.33,1.37,46.56,,
16:11:36,293.66,2.3,1.15,46.5,,
16:11:36,294.54,2.31,1.28,46.56,,
16:11:36,293.09,2.21,1.05,46.5,,
16:11:36,294.27,2.2,1.08,46.5,,
16:11:36,293.97,2.19,0.67,46.5,,
16:11:36,295.47,2.2,0.8,46.56,,
16:11:36,294.77,2.19,1.19,46.5,,
16:11:36,293.98,2.22,1.28,46.56,,
16:11:36,294.23,2.23,1.33,46.63,,
16:11:36,293.86,2.18,1.32,46.63,,
16:11:36,294.65,2.26,1.51,46.63,,
16:11:36,294.43,2.16,1.17,46.63,,
16:11:36,295.01,2.23,1.55,46.63,,
16:11:36,293.85,2.19,1.54,46.56,,
16:11:36,294.59,2.22,1.66,46.63,,
16:11:36,293.98,2.24,0.63,46.63,,
16:11:36,294.32,2.19,1.05,46.63,,
16:11:36,292.0,2.17,1.32,46.63,,
16:11:36,293.14,2.23,1.37,46.63,,
16:11:36,294.1,2.2,0.97,46.69,,
16:11:36,299.69,2.22,1.77,46.63,,
16:11:36,293.77,2.19,1.3,46.63,,
16:11:36,292.02,2.2,1.44,46.63,,
16:11:36,293.02,2.2,1.79,46.69,,
16:11:36,292.95,2.2,0.68,46.56,,
16:11:36,293.89,2.2,1.08,46.56,,
16:11:36,293.01,2.16,1.69,46.56,,
16:11:36,295.04,2.19,1.51,46.56,,
16:11:36,293.07,2.2,1.44,46.56,,
16:11:36,294.35,2.22,1.29,46.5,,
16:11:36,293.4,2.18,1.58,46.5,,
16:11:36,294.23,2.19,1.43,46.5,,
16:11:36,293.63,2.22,1.38,46.56,,
16:11:36,294.33,2.28,1.23,46.56,,
16:11:36,293.79,2.27,1.09,46.56,,
16:11:36,294.27,2.29,0.79,46.56,,
16:11:36,293.97,2.18,0.71,46.63,,
16:11:36,294.31,2.22,1.27,46.63,,
16:11:36,293.82,2.2,1.06,46.63,,
16:11:36,294.79,2.17,1.62,46.63,,
16:11:36,294.04,2.21,1.23,46.69,,
16:11:36,294.02,2.19,1.5,46.69,,
16:11:36,295.47,2.19,1.3,46.69,,
16:11:36,294.27,2.22,1.05,46.69,,
16:11:36,295.59,2.23,1.22,46.69,,
16:11:36,294.31,2.25,0.48,46.69,,
16:11:36,295.97,2.19,1.18,46.75,,
16:11:36,294.16,2.18,1.49,46.81,,
16:11:36,295.06,2.22,1.38,46.81,,
16:11:36,294.74,2.22,1.04,46.81,,
16:11:36,294.01,2.23,1.61,46.88,,
16:11:36,293.98,2.17,1.14,46.81,,
16:11:36,294.14,2.21,1.21,46.88,,
16:11:36,293.71,2.27,1.16,46.88,,
16:11:36,293.87,2.24,1.19,46.88,,
16:11:36,294.33,2.21,1.45,46.88,,
16:11:36,292.68,2.2,0.78,46.88,,
16:11:36,294.56,2.25,1.62,46.94,,
16:11:36,294.19,2.2,1.14,46.94,,
16:11:36,293.47,2.21,1.17,47.0,,
16:11:36,294.08,2.22,1.36,47.0,,
16:11:36,293.72,2.23,1.3,47.0,,
16:11:36,293.63,2.21,1.14,47.0,,
16:11:36,294.09,2.23,1.35,47.0,,
16:11:36,294.96,2.19,1.25,47.0,,
16:11:36,295.27,2.16,1.12,47.06,,
16:11:36,296.16,2.22,1.09,47.06,,
16:11:36,294.32,2.19,1.66,47.06,,
16:11:36,294.08,2.21,1.69,47.06,,
16:11:36,294.7,2.23,1.41,47.06,,
16:11:36,293.48,2.16,1.95,47.06,,
16:11:36,294.24,2.21,1.04,47.13,,
16:11:36,292.67,2.25,1.13,47.06,,
16:11:36,293.78,2.23,1.46,47.13,,
16:11:36,294.04,2.16,1.03,47.19,,
16:11:36,294.88,2.24,1.81,47.19,,
16:11:36,295.0,2.18,0.77,47.19,,
16:11:36,295.46,2.23,1.51,47.19,,
16:11:36,295.54,2.25,1.8,47.25,,
16:11:36,296.22,2.22,1.7,47.25,,
16:11:36,294.62,2.25,0.99,47.19,,
16:11:36,296.41,2.18,1.33,47.19,,
16:11:36,295.82,2.33,1.47,47.25,,
16:11:36,295.9,2.29,1.46,47.25,,
16:11:36,296.2,2.31,1.22,47.25,,
16:11:36,297.34,2.29,1.14,47.25,,
16:11:36,296.34,2.21,1.37,47.25,,
16:11:36,294.97,2.24,1.02,47.25,,
16:11:36,295.29,2.21,0.79,47.31,,
16:11:36,295.6,2.26,1.33,47.31,,
16:11:36,297.04,2.22,1.64,47.31,,
16:11:36,295.09,2.23,1.36,47.38,,
16:11:36,295.28,2.21,1.27,47.38,,
16:11:36,295.83,2.22,1.34,47.38,,
16:11:36,293.71,2.22,1.41,47.44,,
16:11:36,294.7,2.22,1.33,47.38,,
16:11:36,295.23,2.2,0.97,47.44,,
16:11:36,296.32,2.17,1.27,47.44,,
16:11:36,290.08,2.2,0.65,47.38,,
16:11:36,294.98,2.21,1.27,47.38,,
16:11:36,295.28,2.19,2.21,47.38,,
16:11:36,295.31,2.22,1.2,47.31,,
16:11:36,295.08,2.22,1.04,47.31,,
16:11:36,294.75,2.16,1.34,47.31,,
16:11:36,296.48,2.25,1.17,47.31,,
16:11:36,295.37,2.22,0.97,47.31,,
16:11:36,295.35,2.26,1.16,47.31,,
16:11:36,295.27,2.24,0.93,47.31,,
16:11:36,295.28,2.23,1.2,47.31,,
16:11:36,295.82,2.16,0.91,47.38,,
16:11:36,295.29,2.22,1.15,47.31,,
16:11:36,295.2,2.19,1.34,47.38,,
16:11:36,295.86,2.21,1.36,47.38,,
16:11:36,295.83,2.21,1.04,47.38,,
16:11:36,296.93,2.3,1.46,47.38,,
16:11:36,297.89,2.23,1.28,47.38,,
16:11:36,294.74,2.21,1.31,47.38,,
16:11:36,295.99,2.22,1.55,47.38,,
16:11:36,294.29,2.25,0.91,47.31,,
16:11:36,295.21,2.26,1.07,47.38,,
16:11:36,295.68,2.17,0.61,47.38,,
16:11:36,293.52,2.24,0.9,47.38,,
16:11:36,295.51,2.26,1.33,47.44,,
16:11:36,296.14,2.26,1.74,47.44,,
16:11:36,294.59,2.23,1.08,47.44,,
16:11:36,296.32,2.25,1.16,47.38,,
16:11:36,295.55,2.2,1.37,47.38,,
16:11:36,295.2,2.21,0.78,47.44,,
16:11:36,295.83,2.17,1.3,47.44,,
16:11:36,295.32,2.2,1.3,47.44,,
16:11:36,295.62,2.14,1.21,47.44,,
16:11:36,295.42,2.25,1.06,47.44,,
16:11:36,295.47,2.22,1.34,47.44,,
16:11:36,296.18,2.22,1.3,47.44,,
16:11:36,296.52,2.22,1.03,47.44,,
16:11:36,294.97,2.23,1.09,47.38,,
16:11:36,295.99,2.23,0.89,47.38,,
16:11:36,296.76,2.22,0.67,47.38,,
16:11:36,295.77,2.22,1.26,47.31,,
16:11:36,296.4,2.2,1.44,47.31,,
16:11:36,296.16,2.23,1.17,47.31,,
16:11:36,295.35,2.23,1.66,47.31,,
16:11:36,298.05,2.19,1.43,47.31,,
16:11:36,295.94,2.23,1.25,47.31,,
16:11:36,295.66,2.36,1.11,47.31,,
16:11:36,295.87,2.21,1.13,47.31,,
16:11:36,296.33,2.25,1.62,47.31,,
16:11:36,295.48,2.17,1.54,47.31,,
16:11:36,295.83,2.29,1.48,47.31,,
16:11:36,296.34,2.2,1.79,47.31,,
16:11:36,295.51,2.23,1.32,47.31,,
16:11:36,296.25,2.27,0.93,47.31,,
16:11:36,295.68,2.22,1.24,47.38,,
16:11:36,296.37,2.25,1.33,47.38,,
16:11:36,296.65,2.21,0.71,47.38,,
16:11:36,295.95,2.25,0.45,47.38,,
16:11:36,296.75,2.24,0.8,47.31,,
16:11:36,291.85,2.32,1.31,47.38,,
16:11:36,296.49,2.31,1.76,47.44,,
16:11:36,297.52,2.35,1.24,47.5,,
16:11:36,297.3,2.31,1.21,47.44,,
16:11:36,296.73,2.26,1.18,47.44,,
16:11:37,296.72,2.24,1.68,47.44,,
16:11:38,8.93,0.35,0.94,47.5,,
16:11:39,9.78,0.35,1.17,47.44,,
16:11:40,6.31,0.36,0.93,47.5,,
16:11:42,7.47,0.31,0.99,47.5,,
16:11:43,6.31,0.33,0.97,47.5,,
16:11:44,7.98,0.35,0.99,47.56,,
16:25:02,304.68,2.2,1.29,46.5,,
16:25:03,301.38,2.24,0.78,46.5,,
16:25:05,301.73,2.22,1.47,46.56,,
16:25:06,301.99,2.23,1.17,46.56,,
16:25:07,302.91,2.25,1.2,46.5,,
16:25:08,301.51,2.17,1.08,46.5,,
16:25:10,301.34,2.23,1.56,46.5,,
16:25:11,302.16,2.23,1.52,46.5,,
16:25:12,301.88,2.22,1.03,46.5,,
16:25:13,293.15,2.73,0.76,46.56,,
16:25:15,302.15,2.28,0.94,46.56,,
16:25:16,302.4,2.26,1.96,46.63,,
16:25:17,300.16,2.3,1.01,46.56,,
16:25:18,301.71,2.23,2.22,46.56,,
16:25:20,302.17,2.25,0.94,46.56,,
16:25:21,302.52,2.22,0.87,46.56,,
16:25:22,300.76,2.25,1.24,46.5,,
16:25:23,302.2,2.26,0.65,46.56,,
16:25:25,301.96,2.24,1.35,46.5,,
16:25:26,302.06,2.28,1.05,46.5,,
16:25:27,301.2,2.27,1.16,46.5,,
16:25:28,300.93,2.21,1.73,46.5,,
16:25:30,301.82,2.24,1.28,46.5,,
16:25:31,301.88,2.25,0.9,46.5,,
16:25:55,302.23,2.24,1.18,46.56,,
16:25:56,301.45,2.27,1.42,46.63,,
16:25:57,301.82,2.27,1.65,46.56,,
16:25:59,302.65,2.21,1.28,46.56,,
16:26:00,303.17,2.26,1.14,46.63,,
16:26:01,301.16,2.24,0.81,46.56,,
16:26:02,301.47,2.25,2.1,46.56,,
16:26:04,300.38,2.25,0.9,46.56,,
16:26:05,301.74,2.26,1.84,46.56,,
16:26:06,300.91,2.24,1.79,46.56,,
16:26:07,300.56,2.25,1.59,46.56,,
16:26:09,301.33,2.24,1.16,46.56,,
16:26:10,299.85,2.26,1.08,46.56,,
16:26:11,301.2,2.25,0.8,46.56,,
16:26:12,301.38,2.24,0.63,46.56,,
16:26:14,300.44,2.21,1.17,46.56,,
16:26:15,301.05,2.28,1.22,46.56,,
16:26:16,301.0,2.25,1.18,46.56,,
16:26:17,302.56,2.25,1.4,46.56,,
16:26:19,301.46,2.23,1.4,46.56,,
16:26:20,300.95,2.23,1.45,46.63,,
16:26:21,303.1,2.31,1.2,46.69,,
16:26:22,300.81,2.27,1.08,46.69,,
16:26:24,310.68,2.23,0.51,46.69,,
16:26:25,300.64,2.28,1.18,46.69,,
16:26:26,300.12,2.24,1.1,46.69,,
16:26:27,301.75,2.28,1.4,46.69,,
16:26:29,303.03,2.26,1.45,46.69,,
16:26:30,300.77,2.21,1.1,46.69,,
16:26:31,301.51,2.26,1.18,46.69,,
16:26:32,300.73,2.25,0.71,46.63,,
16:26:34,300.71,2.24,1.15,46.63,,
16:26:35,300.12,2.25,1.21,46.69,,
16:26:36,300.1,2.22,0.96,46.63,,
16:26:37,302.41,2.31,1.58,46.63,,
16:26:39,7.98,0.34,1.18,46.63,,
16:26:40,6.31,0.0,1.02,46.63,,
16:26:41,5.65,0.34,1.03,46.63,,
16:26:42,6.31,0.35,1.01,46.63,,
16:26:44,6.31,0.33,0.99,46.63,,
16:26:45,6.31,0.33,0.99,46.63,,
16:26:46,7.98,0.3,1.0,46.63,,
16:26:47,6.91,0.39,0.98,46.63,,
16:26:49,6.31,0.34,0.99,46.63,,
16:26:50,6.31,0.36,0.99,46.63,,
16:26:51,6.31,0.35,0.99,46.63,,
16:26:52,8.47,0.35,0.99,46.56,,
16:26:54,6.31,0.34,0.99,46.56,,
16:26:55,6.31,0.37,0.99,46.5,,
16:26:56,6.31,0.36,0.99,46.56,,
16:26:57,9.36,0.36,0.98,46.5,,
16:26:59,6.31,0.32,1.0,46.5,,
16:27:00,6.31,0.37,0.99,46.5,,
16:27:01,6.31,0.39,0.99,46.5,,
16:27:02,6.31,0.34,0.99,46.5,,
16:27:04,6.31,0.36,1.0,46.44,,
16:27:05,6.31,0.36,1.0,46.44,,
16:27:06,0.0,0.37,0.99,46.44,,
16:27:07,6.91,0.37,1.0,46.44,,
16:27:09,6.31,0.38,1.0,46.44,,
16:27:10,8.93,0.32,0.99,46.44,,
16:27:11,0.0,0.37,1.01,46.44,,
16:27:12,6.31,0.35,0.99,46.44,,
16:27:14,21.12,0.63,0.99,46.44,,
16:27:15,5.65,0.69,1.0,46.5,,
16:27:16,8.47,0.67,0.98,46.44,,
16:27:17,6.31,0.67,0.99,46.44,,
16:27:19,28.51,0.62,0.99,46.44,,
16:27:20,7.47,0.65,0.99,46.44,,
16:27:21,5.65,0.66,0.99,46.38,,
16:27:22,5.65,0.7,0.99,46.31,,
16:27:24,9.78,0.69,0.99,46.25,,
16:27:25,5.65,0.63,0.99,46.25,,
16:27:26,5.65,0.67,0.99,46.25,,
16:27:27,7.47,0.69,0.99,46.19,,
16:27:29,8.47,0.59,1.0,46.19,,
16:27:30,5.65,0.69,0.99,46.19,,
16:27:31,5.65,0.7,0.99,46.13,,
16:27:33,8.47,0.6,0.99,46.13,,
16:27:34,0.0,0.36,1.0,46.13,,
16:27:35,5.65,0.6,1.0,46.13,,
16:27:36,0.0,0.66,1.0,46.19,,
16:27:38,8.47,0.64,0.99,46.13,,
16:27:39,6.91,0.66,0.99,46.13,,
16:27:40,18.93,0.42,0.99,46.0,,
16:27:41,5.65,0.39,0.99,46.0,,
16:27:43,6.91,0.39,0.99,46.06,,
16:27:44,5.65,0.4,1.0,46.0,,
16:27:45,5.65,0.68,0.99,46.06,,
16:27:46,5.65,0.61,0.99,46.0,,
16:27:48,5.65,0.61,0.99,45.94,,
16:27:49,6.31,0.6,0.99,45.94,,
16:27:50,6.31,0.4,0.99,45.94,,
16:27:51,6.91,0.36,1.0,45.94,,
16:27:53,5.65,0.35,1.0,45.94,,
16:27:54,5.65,0.36,1.0,45.88,,
16:27:55,9.36,0.38,0.99,45.88,,
16:27:56,5.65,0.4,0.99,45.94,,
16:27:58,10.56,0.68,0.99,45.94,,
16:27:59,6.31,0.65,0.99,46.0,,
16:28:00,5.65,0.66,1.0,46.0,,
16:28:01,5.65,0.66,0.99,45.94,,
16:28:03,5.65,0.4,0.99,45.94,,
16:28:04,6.31,0.38,0.99,45.94,,
16:28:05,5.65,0.34,0.98,45.94,,
16:28:06,6.91,0.36,0.99,45.94,,
15:22:24,5.65,1.64,0.99,39.44,,
15:22:25,9.36,1.72,0.99,39.44,,
15:22:26,6.91,1.79,0.98,39.44,,
15:22:27,8.93,1.87,0.99,39.44,,
15:22:28,9.36,1.95,0.99,39.44,,
15:22:28,5.65,4.43,2.81,39.38,,
15:22:29,294.73,2.88,2.83,39.44,,
15:22:30,297.75,2.16,2.41,39.38,,
15:22:31,294.65,2.18,0.63,39.44,,
15:22:32,294.24,2.15,2.32,39.38,,
15:22:33,293.18,2.11,1.75,39.38,,
15:22:34,293.93,2.12,3.0,39.44,,
15:22:34,293.94,2.1,2.5,39.44,,
15:22:35,294.9,2.14,0.88,39.38,,
15:22:36,295.83,2.09,1.8,39.44,,
15:22:37,295.23,2.16,2.41,39.44,,
15:22:38,295.28,2.12,0.38,39.44,,
15:22:39,295.36,2.09,2.23,39.38,,
15:22:39,294.86,2.2,2.3,39.44,,
15:22:40,295.25,2.21,1.93,39.44,,
15:22:41,42.34,0.49,1.21,39.44,,
15:22:42,8.47,0.46,0.75,39.44,,
15:22:43,5.65,0.48,1.39,39.44,,
15:22:44,5.65,0.49,0.89,39.44,,
15:22:44,5.65,0.5,0.98,39.44,,
15:22:45,5.65,0.54,0.98,39.38,,
15:22:46,5.65,0.54,0.99,39.44,,
15:22:47,6.31,0.53,0.98,39.44,,
15:22:48,7.47,0.47,0.98,39.44,,
15:22:49,5.65,0.5,1.0,39.44,,
15:22:49,6.31,0.5,0.99,39.38,,
15:22:50,6.31,0.55,1.0,39.38,,
15:22:51,6.91,0.54,0.99,39.38,,
15:22:52,5.65,0.48,1.0,39.38,,
Time,Voltage,Current,Vibration,Temperature,Health Score,Health Status
16:28:58,5.65,0.37,1.0,45.88,,
16:28:59,6.31,0.36,1.0,45.88,,
16:29:00,301.0,2.22,2.97,45.88,,
16:29:01,299.49,2.29,2.32,45.88,,
16:29:03,300.89,2.29,2.22,45.94,,
16:29:04,5.65,0.39,1.08,45.94,,
16:29:05,5.65,0.38,0.88,45.94,,
16:29:06,5.65,0.33,0.96,45.94,,
Time,Voltage,Current,Vibration,Temperature,Health Score,Health Status
16:33:42,5.65,0.35,1.0,44.25,,
16:33:43,6.91,0.35,0.99,44.25,,
16:33:44,5.65,0.34,1.0,44.19,,
16:33:45,293.49,5.82,1.05,44.25,,
16:33:45,302.89,3.13,2.04,44.19,,
16:33:46,303.37,3.13,1.25,44.19,,
16:33:47,302.54,3.16,3.17,44.19,,
16:33:48,303.35,3.11,2.87,44.19,,
16:33:49,302.79,3.11,2.01,44.19,,
16:33:49,302.29,3.14,1.97,44.19,,
16:33:50,302.35,3.15,1.7,44.25,,
16:33:51,302.71,3.12,2.93,44.19,,
16:33:52,303.5,3.16,0.78,44.25,,
16:33:53,302.87,3.2,2.75,44.25,,
16:33:53,302.41,3.12,2.48,44.25,,
16:33:54,302.83,3.13,2.84,44.25,,
16:33:55,302.0,3.15,3.24,44.25,,
16:33:56,303.28,3.11,2.22,44.25,,
16:33:57,301.41,3.13,0.74,44.31,,
16:33:57,315.3,3.2,2.97,44.25,,
16:33:58,302.46,3.13,2.26,44.31,,
16:33:59,301.69,3.13,2.89,44.31,,
16:34:00,302.44,3.11,2.21,44.31,,
16:34:01,302.44,3.16,2.99,44.31,,
16:34:01,302.04,3.13,2.06,44.25,,
16:34:02,302.6,3.13,2.49,44.31,,
16:34:03,303.14,3.19,0.54,44.31,,
16:34:04,302.49,3.18,2.06,44.31,,
16:34:05,301.99,3.14,1.26,44.31,,
16:34:05,301.13,3.7,1.8,44.31,,
16:34:06,301.62,3.77,2.99,44.31,,
16:34:07,302.61,3.76,1.57,44.25,,
16:34:08,303.11,3.74,2.05,44.25,,
16:34:09,301.95,3.7,2.83,44.38,,
16:34:09,301.83,3.7,2.89,44.38,,
16:34:10,302.78,3.11,1.15,44.38,,
16:34:11,308.05,3.69,2.26,44.31,,
16:34:12,301.91,3.73,2.77,44.38,,
16:34:13,295.83,3.78,2.01,44.25,,
16:34:13,299.55,3.7,2.68,44.31,,
16:34:14,6.31,2.94,1.6,44.31,,
16:34:15,6.31,2.91,1.38,44.31,,
16:34:16,22.76,2.81,0.83,44.38,,
16:34:45,5.65,2.17,0.99,44.06,,
16:34:45,8.47,4.0,1.15,44.0,,
16:34:46,302.07,3.1,0.84,44.0,,
16:34:47,301.83,3.15,2.58,44.0,,
16:34:48,301.87,3.12,2.2,44.0,,
16:34:49,301.71,3.13,1.46,44.0,,
16:34:49,307.03,3.7,1.76,44.0,,
16:34:50,301.87,3.72,1.84,44.06,,
16:34:51,300.91,3.7,2.56,43.94,,
16:34:52,303.67,3.72,1.25,43.94,,
16:34:53,301.91,3.72,1.75,44.06,,
16:34:53,301.2,3.68,0.85,44.06,,
16:34:54,301.78,3.12,3.46,43.94,,
16:34:55,302.58,3.15,3.04,43.94,,
16:34:56,302.69,3.17,2.35,43.94,,
16:34:57,302.96,3.13,3.08,43.94,,
16:34:57,302.67,3.13,3.46,44.0,,
16:34:58,300.51,3.15,0.85,44.0,,
16:34:59,302.45,3.11,0.89,44.0,,
16:35:00,302.08,3.18,1.46,44.0,,
16:35:01,301.63,3.16,1.14,44.0,,
16:35:02,302.49,3.15,1.52,44.0,,
16:35:02,302.46,3.19,0.85,44.0,,
16:35:03,301.78,3.18,2.2,44.0,,
16:35:04,300.61,3.16,3.46,44.0,,
16:35:05,302.16,3.16,2.07,43.94,,
16:35:06,302.37,3.16,0.95,44.0,,
16:35:06,303.16,3.16,2.61,44.0,,
16:35:07,304.16,3.2,3.46,44.0,,
16:35:08,302.28,3.19,2.92,44.0,,
16:35:09,302.06,3.67,0.67,44.06,,
16:35:10,303.45,3.78,2.67,43.88,,
16:35:10,303.42,3.73,1.1,43.94,,
16:35:11,303.46,3.72,3.46,43.94,,
16:35:12,303.12,3.74,1.21,44.0,,
16:35:13,303.74,3.7,2.68,44.06,,
16:35:14,303.2,3.18,0.77,43.94,,
16:35:14,303.58,3.12,2.26,43.94,,
16:35:15,303.91,3.2,2.07,44.0,,
16:35:16,302.99,3.14,1.71,43.94,,
16:35:17,301.9,3.13,2.31,43.94,,
16:35:18,303.28,3.13,2.23,44.0,,
16:35:18,303.5,3.15,1.84,43.94,,
16:35:19,304.17,3.17,1.58,43.94,,
16:35:20,309.08,3.16,1.28,44.0,,
16:35:21,303.49,3.18,2.32,44.0,,
16:35:22,303.59,3.17,2.14,43.94,,
16:35:22,303.29,3.15,1.05,44.0,,
16:35:23,303.16,3.18,0.68,44.0,,
16:35:24,302.64,3.22,1.92,44.0,,
16:35:25,303.65,3.14,3.4,43.94,,
16:35:26,303.29,3.17,1.52,44.0,,
16:35:26,302.64,3.18,2.06,44.0,,
16:35:27,302.29,3.14,2.11,44.0,,
16:35:28,302.7,3.21,1.31,44.0,,
16:35:28,303.9,3.16,2.97,-999.0,,
16:35:29,303.12,3.2,2.18,44.0,,
16:35:29,303.42,3.19,0.99,-999.0,,
16:35:30,303.5,3.19,2.98,44.0,,
16:35:31,304.0,3.21,1.9,44.0,,
16:35:32,304.0,3.14,1.43,44.0,,
16:35:32,304.47,3.15,3.46,44.0,,
16:35:33,303.67,3.18,2.86,-999.0,,
16:35:33,303.16,3.18,1.6,44.0,,
16:35:34,303.56,3.23,2.83,-999.0,,
16:35:35,303.04,3.18,2.88,44.0,,
16:35:35,303.0,3.19,2.03,44.0,,
16:35:36,303.49,3.21,2.34,-999.0,,
16:35:36,300.89,3.73,2.31,-999.0,,
16:35:37,303.77,3.75,2.23,44.06,,
16:35:37,303.91,3.78,1.73,-999.0,,
16:35:38,303.29,3.81,2.74,-999.0,,
16:35:38,303.54,3.72,3.46,-999.0,,
16:35:38,303.69,3.75,2.23,-999.0,,
16:35:39,302.85,3.76,1.62,-999.0,,
16:35:39,303.99,3.78,2.84,-999.0,,
16:35:40,303.25,3.75,1.17,25.0,,
16:35:40,303.46,3.75,2.0,44.13,,
16:35:40,304.04,3.78,2.36,-999.0,,
16:35:41,304.24,3.17,1.7,-999.0,,
16:35:41,303.06,3.18,2.7,-999.0,,
16:35:41,303.49,3.14,2.69,-999.0,,
16:35:42,303.83,3.17,2.38,-999.0,,
16:35:42,303.07,3.16,2.85,25.0,,
16:35:43,303.44,3.21,2.22,-999.0,,
16:35:44,303.46,3.18,1.91,-999.0,,
16:35:44,301.18,3.17,1.87,-999.0,,
16:35:45,303.7,3.16,3.08,-999.0,,
16:35:45,303.74,3.21,1.31,-999.0,,
16:35:46,303.17,3.21,3.1,44.06,,
16:35:47,303.82,3.17,1.41,-999.0,,
16:35:47,303.36,3.21,2.22,-999.0,,
16:35:47,304.32,3.2,2.95,-999.0,,
16:35:48,303.41,3.11,2.34,-999.0,,
16:35:48,302.74,3.2,2.03,-999.0,,
16:35:48,303.91,3.2,2.75,-999.0,,
16:35:49,302.73,3.19,1.21,-999.0,,
16:35:49,303.66,3.15,2.65,-999.0,,
16:35:50,303.2,3.23,2.26,-999.0,,
16:35:50,303.49,3.16,2.09,-999.0,,
16:35:51,303.66,3.23,2.66,-999.0,,
16:35:51,303.54,3.17,0.78,-999.0,,
16:35:51,303.8,3.14,1.85,-999.0,,
16:35:52,303.62,3.19,2.52,-999.0,,
16:35:52,303.0,3.18,2.19,-999.0,,
16:35:52,303.65,3.16,2.34,-999.0,,
16:35:53,303.27,3.2,0.84,-999.0,,
16:35:53,302.5,3.17,1.79,-999.0,,
16:35:54,303.96,3.19,2.52,-999.0,,
16:35:54,302.81,3.22,1.7,-999.0,,
16:35:54,303.14,3.15,2.55,-999.0,,
16:35:55,300.18,2.25,2.25,-999.0,,
16:35:56,11.29,2.34,1.38,44.06,,
16:35:56,5.65,2.22,1.53,44.06,,
16:43:45,5.65,3.43,0.98,-999.0,,
16:43:46,6.31,3.4,0.99,-999.0,,
16:43:47,6.31,3.41,0.99,-999.0,,
16:43:48,6.31,3.43,1.0,-999.0,,
16:43:48,6.31,3.37,0.99,-999.0,,
16:43:49,7.47,3.31,0.99,-999.0,,
16:43:50,6.31,3.35,1.0,-999.0,,
